cpu,platform,platform_core_num,bench_env,os_type,os_release,os_version,blender_version,bench_version,bench_max_core_num,bench_hash,test_type,mp_type,core_num,cpu_rating,core_rating,avg_time,med_time,min_time,max_time
AMD EPYC 7402P 24-Core Processor,standart,48,bare,Lnx,5.15.0-94-generic,#104-Ubuntu SMP Tue Jan 9 15:25:40 UTC 2024,4.0.2,1_0_2,48,fb395c65c89f40bc,particle_movement,mp,1,0.5392584305940092,0.5392584305940092,1.8543984540000054,1.8543984540000054,1.8543984540000054,1.8543984540000054
AMD EPYC 7402P 24-Core Processor,standart,48,bare,Lnx,5.15.0-94-generic,#104-Ubuntu SMP Tue Jan 9 15:25:40 UTC 2024,4.0.2,1_0_2,48,fb395c65c89f40bc,particle_movement,mp,2,1.085529128455943,0.5427645642279715,1.842460689500001,1.842460689500001,1.8337458809999987,1.8511754980000035
AMD EPYC 7402P 24-Core Processor,standart,48,bare,Lnx,5.15.0-94-generic,#104-Ubuntu SMP Tue Jan 9 15:25:40 UTC 2024,4.0.2,1_0_2,48,fb395c65c89f40bc,particle_movement,mp,3,1.6211089444856233,0.5403696481618744,1.8506228986666666,1.8467849799999954,1.8428331169999979,1.8622505990000064
AMD EPYC 7402P 24-Core Processor,standart,48,bare,Lnx,5.15.0-94-generic,#104-Ubuntu SMP Tue Jan 9 15:25:40 UTC 2024,4.0.2,1_0_2,48,fb395c65c89f40bc,particle_movement,mp,4,2.161561584008788,0.540390396002197,1.8505177627499982,1.849349488999998,1.848355791000003,1.855016281999994
AMD EPYC 7402P 24-Core Processor,standart,48,bare,Lnx,5.15.0-94-generic,#104-Ubuntu SMP Tue Jan 9 15:25:40 UTC 2024,4.0.2,1_0_2,48,fb395c65c89f40bc,particle_movement,mp,5,2.6955341064966176,0.5391068212993235,1.854994991800001,1.8518024589999982,1.8449069190000102,1.877390105999993
AMD EPYC 7402P 24-Core Processor,standart,48,bare,Lnx,5.15.0-94-generic,#104-Ubuntu SMP Tue Jan 9 15:25:40 UTC 2024,4.0.2,1_0_2,48,fb395c65c89f40bc,particle_movement,mp,6,3.2396312783931105,0.5399385463988517,1.8521356708333319,1.8482283300000049,1.841408020000003,1.8770701529999911
AMD EPYC 7402P 24-Core Processor,standart,48,bare,Lnx,5.15.0-94-generic,#104-Ubuntu SMP Tue Jan 9 15:25:40 UTC 2024,4.0.2,1_0_2,48,fb395c65c89f40bc,particle_movement,mp,7,3.7793305097361127,0.5399043585337304,1.8522050265714296,1.8545196589999904,1.8384935739999975,1.8608915700000068
AMD EPYC 7402P 24-Core Processor,standart,48,bare,Lnx,5.15.0-94-generic,#104-Ubuntu SMP Tue Jan 9 15:25:40 UTC 2024,4.0.2,1_0_2,48,fb395c65c89f40bc,particle_movement,mp,8,4.3116071936142495,0.5389508992017812,1.8555684622499982,1.848949857000001,1.8435316979999925,1.8878496499999926
AMD EPYC 7402P 24-Core Processor,standart,48,bare,Lnx,5.15.0-94-generic,#104-Ubuntu SMP Tue Jan 9 15:25:40 UTC 2024,4.0.2,1_0_2,48,fb395c65c89f40bc,particle_movement,mp,9,4.764756324189516,0.5294173693543907,1.8893191396666633,1.8831997479999956,1.8555268359999957,1.9293254090000005
AMD EPYC 7402P 24-Core Processor,standart,48,bare,Lnx,5.15.0-94-generic,#104-Ubuntu SMP Tue Jan 9 15:25:40 UTC 2024,4.0.2,1_0_2,48,fb395c65c89f40bc,particle_movement,mp,10,5.284925201015994,0.5284925201015994,1.8931218974000017,1.8638072870000073,1.8448058269999876,1.9490875350000039
AMD EPYC 7402P 24-Core Processor,standart,48,bare,Lnx,5.15.0-94-generic,#104-Ubuntu SMP Tue Jan 9 15:25:40 UTC 2024,4.0.2,1_0_2,48,fb395c65c89f40bc,particle_movement,mp,11,5.775814031241912,0.5250740028401738,1.9050597824545472,1.926858144999997,1.858550961000006,1.938681313999993
AMD EPYC 7402P 24-Core Processor,standart,48,bare,Lnx,5.15.0-94-generic,#104-Ubuntu SMP Tue Jan 9 15:25:40 UTC 2024,4.0.2,1_0_2,48,fb395c65c89f40bc,particle_movement,mp,12,6.2457754416555185,0.5204812868046266,1.9224546083333323,1.9377466039999973,1.852023047000003,1.988032258000004
AMD EPYC 7402P 24-Core Processor,standart,48,bare,Lnx,5.15.0-94-generic,#104-Ubuntu SMP Tue Jan 9 15:25:40 UTC 2024,4.0.2,1_0_2,48,fb395c65c89f40bc,particle_movement,mp,13,6.707110888344776,0.515931606795752,1.9392293950000037,1.9529551450000042,1.8617983770000137,1.9857698950000042
AMD EPYC 7402P 24-Core Processor,standart,48,bare,Lnx,5.15.0-94-generic,#104-Ubuntu SMP Tue Jan 9 15:25:40 UTC 2024,4.0.2,1_0_2,48,fb395c65c89f40bc,particle_movement,mp,14,7.1691699023141355,0.5120835644510097,1.9535760295714328,1.9611569859999918,1.8679492429999982,2.017849928000004
AMD EPYC 7402P 24-Core Processor,standart,48,bare,Lnx,5.15.0-94-generic,#104-Ubuntu SMP Tue Jan 9 15:25:40 UTC 2024,4.0.2,1_0_2,48,fb395c65c89f40bc,particle_movement,mp,15,7.6052045167856335,0.5070136344523756,1.972917306399999,1.977591977000003,1.858420912000014,2.020715339999981
AMD EPYC 7402P 24-Core Processor,standart,48,bare,Lnx,5.15.0-94-generic,#104-Ubuntu SMP Tue Jan 9 15:25:40 UTC 2024,4.0.2,1_0_2,48,fb395c65c89f40bc,particle_movement,mp,16,8.055791258462481,0.5034869536539051,1.9861775785624953,1.985185221000009,1.9737315519999754,2.0096476989999985
AMD EPYC 7402P 24-Core Processor,standart,48,bare,Lnx,5.15.0-94-generic,#104-Ubuntu SMP Tue Jan 9 15:25:40 UTC 2024,4.0.2,1_0_2,48,fb395c65c89f40bc,particle_movement,mp,17,8.478708137974934,0.49874753752793727,2.0052814612941177,1.998068427999982,1.9781318440000177,2.055464294999979
AMD EPYC 7402P 24-Core Processor,standart,48,bare,Lnx,5.15.0-94-generic,#104-Ubuntu SMP Tue Jan 9 15:25:40 UTC 2024,4.0.2,1_0_2,48,fb395c65c89f40bc,particle_movement,mp,18,8.890654435339078,0.49392524640772656,2.025023837666664,2.0088442220000076,1.9944898699999953,2.085002997999993
AMD EPYC 7402P 24-Core Processor,standart,48,bare,Lnx,5.15.0-94-generic,#104-Ubuntu SMP Tue Jan 9 15:25:40 UTC 2024,4.0.2,1_0_2,48,fb395c65c89f40bc,particle_movement,mp,19,9.237470747372116,0.48618267091432193,2.0573025722631555,2.077019858,2.0100844119999977,2.0887696149999897
AMD EPYC 7402P 24-Core Processor,standart,48,bare,Lnx,5.15.0-94-generic,#104-Ubuntu SMP Tue Jan 9 15:25:40 UTC 2024,4.0.2,1_0_2,48,fb395c65c89f40bc,particle_movement,mp,20,9.610658552062839,0.4805329276031419,2.081599679749999,2.0898241159999884,2.0337095800000213,2.143134795000009
AMD EPYC 7402P 24-Core Processor,standart,48,bare,Lnx,5.15.0-94-generic,#104-Ubuntu SMP Tue Jan 9 15:25:40 UTC 2024,4.0.2,1_0_2,48,fb395c65c89f40bc,particle_movement,mp,21,9.768001339730663,0.4651429209395554,2.150849381285716,2.1747582000000136,2.072215989,2.2060392209999975
AMD EPYC 7402P 24-Core Processor,standart,48,bare,Lnx,5.15.0-94-generic,#104-Ubuntu SMP Tue Jan 9 15:25:40 UTC 2024,4.0.2,1_0_2,48,fb395c65c89f40bc,particle_movement,mp,22,10.124852655575578,0.4602205752534354,2.173610388909093,2.1927395605000015,2.0917771449999805,2.2386284229999944
AMD EPYC 7402P 24-Core Processor,standart,48,bare,Lnx,5.15.0-94-generic,#104-Ubuntu SMP Tue Jan 9 15:25:40 UTC 2024,4.0.2,1_0_2,48,fb395c65c89f40bc,particle_movement,mp,23,10.31765306205644,0.44859361139375825,2.229952039652172,2.2392143189999842,2.1137288400000216,2.2653559839999957
AMD EPYC 7402P 24-Core Processor,standart,48,bare,Lnx,5.15.0-94-generic,#104-Ubuntu SMP Tue Jan 9 15:25:40 UTC 2024,4.0.2,1_0_2,48,fb395c65c89f40bc,particle_movement,mp,24,10.26142955538637,0.4275595648077654,2.3393529591249957,2.344487329499998,2.29001614500001,2.4005105720000017
AMD EPYC 7402P 24-Core Processor,standart,48,bare,Lnx,5.15.0-94-generic,#104-Ubuntu SMP Tue Jan 9 15:25:40 UTC 2024,4.0.2,1_0_2,48,fb395c65c89f40bc,particle_movement,mp,25,10.714704120811865,0.4285881648324746,2.3468096846000024,2.2818880899999954,2.270738773000005,3.0228543320000085
AMD EPYC 7402P 24-Core Processor,standart,48,bare,Lnx,5.15.0-94-generic,#104-Ubuntu SMP Tue Jan 9 15:25:40 UTC 2024,4.0.2,1_0_2,48,fb395c65c89f40bc,particle_movement,mp,26,10.88627243336142,0.4187027858985161,2.4145637549615353,2.2983827599999955,2.261206200999993,3.0664002389999894
AMD EPYC 7402P 24-Core Processor,standart,48,bare,Lnx,5.15.0-94-generic,#104-Ubuntu SMP Tue Jan 9 15:25:40 UTC 2024,4.0.2,1_0_2,48,fb395c65c89f40bc,particle_movement,mp,27,10.876914436326437,0.4028486828269051,2.5138065463333357,2.3447733010000036,2.314136010999988,3.1067483719999984
AMD EPYC 7402P 24-Core Processor,standart,48,bare,Lnx,5.15.0-94-generic,#104-Ubuntu SMP Tue Jan 9 15:25:40 UTC 2024,4.0.2,1_0_2,48,fb395c65c89f40bc,particle_movement,mp,28,10.979836201597154,0.39213700719989836,2.5903645099285737,2.404003763999995,2.3329124280000144,3.1685463250000225
AMD EPYC 7402P 24-Core Processor,standart,48,bare,Lnx,5.15.0-94-generic,#104-Ubuntu SMP Tue Jan 9 15:25:40 UTC 2024,4.0.2,1_0_2,48,fb395c65c89f40bc,particle_movement,mp,29,10.940292465441502,0.377251464325569,2.693076152310341,2.477021533999988,2.400847454000001,3.2404044120000037
AMD EPYC 7402P 24-Core Processor,standart,48,bare,Lnx,5.15.0-94-generic,#104-Ubuntu SMP Tue Jan 9 15:25:40 UTC 2024,4.0.2,1_0_2,48,fb395c65c89f40bc,particle_movement,mp,30,11.104123272556407,0.3701374424185469,2.7471910044666723,2.4874776215000196,2.361470799000017,3.237642232000013
AMD EPYC 7402P 24-Core Processor,standart,48,bare,Lnx,5.15.0-94-generic,#104-Ubuntu SMP Tue Jan 9 15:25:40 UTC 2024,4.0.2,1_0_2,48,fb395c65c89f40bc,particle_movement,mp,31,11.216459478613166,0.3618212735036505,2.8121620194193575,2.51734922,2.392903641999993,3.2461190559999977
AMD EPYC 7402P 24-Core Processor,standart,48,bare,Lnx,5.15.0-94-generic,#104-Ubuntu SMP Tue Jan 9 15:25:40 UTC 2024,4.0.2,1_0_2,48,fb395c65c89f40bc,particle_movement,mp,32,11.123731513003987,0.3476166097813746,2.9239223621875023,2.909762371499994,2.517524234000007,3.3432528660000003
AMD EPYC 7402P 24-Core Processor,standart,48,bare,Lnx,5.15.0-94-generic,#104-Ubuntu SMP Tue Jan 9 15:25:40 UTC 2024,4.0.2,1_0_2,48,fb395c65c89f40bc,particle_movement,mp,33,11.152675908002307,0.3379598760000699,3.0051256853939416,3.2145026540000003,2.5401516649999962,3.439120318999983
AMD EPYC 7402P 24-Core Processor,standart,48,bare,Lnx,5.15.0-94-generic,#104-Ubuntu SMP Tue Jan 9 15:25:40 UTC 2024,4.0.2,1_0_2,48,fb395c65c89f40bc,particle_movement,mp,34,11.210323376607437,0.3297153934296305,3.0838176571176548,3.353948067999994,2.558148636999988,3.476661163000017
AMD EPYC 7402P 24-Core Processor,standart,48,bare,Lnx,5.15.0-94-generic,#104-Ubuntu SMP Tue Jan 9 15:25:40 UTC 2024,4.0.2,1_0_2,48,fb395c65c89f40bc,particle_movement,mp,35,11.09337058300001,0.3169534452285717,3.2042595855428546,3.43735303699998,2.5986177039999916,3.6031622959999936
AMD EPYC 7402P 24-Core Processor,standart,48,bare,Lnx,5.15.0-94-generic,#104-Ubuntu SMP Tue Jan 9 15:25:40 UTC 2024,4.0.2,1_0_2,48,fb395c65c89f40bc,particle_movement,mp,36,11.119573278376178,0.30887703551044937,3.290948466388888,3.506648552499996,2.631648293000012,3.737514497999996
AMD EPYC 7402P 24-Core Processor,standart,48,bare,Lnx,5.15.0-94-generic,#104-Ubuntu SMP Tue Jan 9 15:25:40 UTC 2024,4.0.2,1_0_2,48,fb395c65c89f40bc,particle_movement,mp,37,11.023202912118974,0.29792440303024254,3.415537737837842,3.612046165000038,2.638117204000025,3.9077174010000135
AMD EPYC 7402P 24-Core Processor,standart,48,bare,Lnx,5.15.0-94-generic,#104-Ubuntu SMP Tue Jan 9 15:25:40 UTC 2024,4.0.2,1_0_2,48,fb395c65c89f40bc,particle_movement,mp,38,10.92663697310524,0.28754307823961156,3.5323850957894813,3.7198563824999837,2.7482604690000016,3.989974021000023
AMD EPYC 7402P 24-Core Processor,standart,48,bare,Lnx,5.15.0-94-generic,#104-Ubuntu SMP Tue Jan 9 15:25:40 UTC 2024,4.0.2,1_0_2,48,fb395c65c89f40bc,particle_movement,mp,39,10.77388243585462,0.2762533957911441,3.67496010835897,3.8448954589999857,2.806381450999993,4.073265988999992
AMD EPYC 7402P 24-Core Processor,standart,48,bare,Lnx,5.15.0-94-generic,#104-Ubuntu SMP Tue Jan 9 15:25:40 UTC 2024,4.0.2,1_0_2,48,fb395c65c89f40bc,particle_movement,mp,40,10.597798259047014,0.26494495647617533,3.8270801085000015,3.940309156500007,2.9890374259999817,4.224257506000015
AMD EPYC 7402P 24-Core Processor,standart,48,bare,Lnx,5.15.0-94-generic,#104-Ubuntu SMP Tue Jan 9 15:25:40 UTC 2024,4.0.2,1_0_2,48,fb395c65c89f40bc,particle_movement,mp,41,10.614990097490342,0.25890219749976445,3.9188919960731763,4.086892669000008,2.8818648929999995,4.31643643000001
AMD EPYC 7402P 24-Core Processor,standart,48,bare,Lnx,5.15.0-94-generic,#104-Ubuntu SMP Tue Jan 9 15:25:40 UTC 2024,4.0.2,1_0_2,48,fb395c65c89f40bc,particle_movement,mp,42,10.352414332184567,0.246486055528204,4.104686648380955,4.280520980000006,3.08878126999997,4.462130403999993
AMD EPYC 7402P 24-Core Processor,standart,48,bare,Lnx,5.15.0-94-generic,#104-Ubuntu SMP Tue Jan 9 15:25:40 UTC 2024,4.0.2,1_0_2,48,fb395c65c89f40bc,particle_movement,mp,43,10.245683150814585,0.23827170118173455,4.241113755860465,4.356698797999968,3.0945576839999944,4.619200650000039
AMD EPYC 7402P 24-Core Processor,standart,48,bare,Lnx,5.15.0-94-generic,#104-Ubuntu SMP Tue Jan 9 15:25:40 UTC 2024,4.0.2,1_0_2,48,fb395c65c89f40bc,particle_movement,mp,44,10.163584816024274,0.23099056400055168,4.374052655590908,4.477347580000014,3.1656997400000364,4.702870195000003
AMD EPYC 7402P 24-Core Processor,standart,48,bare,Lnx,5.15.0-94-generic,#104-Ubuntu SMP Tue Jan 9 15:25:40 UTC 2024,4.0.2,1_0_2,48,fb395c65c89f40bc,particle_movement,mp,45,10.016796670962533,0.22259548157694517,4.532349096955557,4.611360740000009,3.157146082000054,4.855255571999976
AMD EPYC 7402P 24-Core Processor,standart,48,bare,Lnx,5.15.0-94-generic,#104-Ubuntu SMP Tue Jan 9 15:25:40 UTC 2024,4.0.2,1_0_2,48,fb395c65c89f40bc,particle_movement,mp,46,9.780408538019913,0.21261757691347635,4.722652562652176,4.804108168500022,3.64599772400004,4.927709985999968
AMD EPYC 7402P 24-Core Processor,standart,48,bare,Lnx,5.15.0-94-generic,#104-Ubuntu SMP Tue Jan 9 15:25:40 UTC 2024,4.0.2,1_0_2,48,fb395c65c89f40bc,particle_movement,mp,47,9.651430498323974,0.20534958507072285,4.891059181893619,4.9850977819999684,3.2940854280000167,5.104004562
AMD EPYC 7402P 24-Core Processor,standart,48,bare,Lnx,5.15.0-94-generic,#104-Ubuntu SMP Tue Jan 9 15:25:40 UTC 2024,4.0.2,1_0_2,48,fb395c65c89f40bc,particle_movement,mp,48,9.4311579489762,0.1964824572703375,5.090178672333335,5.0878099765000115,4.955136009,5.20161834999999
AMD EPYC 7402P 24-Core Processor,standart,48,bare,Lnx,5.15.0-94-generic,#104-Ubuntu SMP Tue Jan 9 15:25:40 UTC 2024,4.0.2,1_0_2,48,fb395c65c89f40bc,particle_movement,th,1,0.537992090618891,0.537992090618891,1.858763386000021,1.858763386000021,1.858763386000021,1.858763386000021
AMD EPYC 7402P 24-Core Processor,standart,48,bare,Lnx,5.15.0-94-generic,#104-Ubuntu SMP Tue Jan 9 15:25:40 UTC 2024,4.0.2,1_0_2,48,fb395c65c89f40bc,particle_movement,th,2,0.6899579045298128,0.3449789522649064,1.4493637850000027,1.4493637850000027,1.4493637850000027,1.4493637850000027
AMD EPYC 7402P 24-Core Processor,standart,48,bare,Lnx,5.15.0-94-generic,#104-Ubuntu SMP Tue Jan 9 15:25:40 UTC 2024,4.0.2,1_0_2,48,fb395c65c89f40bc,particle_movement,th,3,0.553605546757328,0.18453518225244267,1.8063402829999973,1.8063402829999973,1.8063402829999973,1.8063402829999973
AMD EPYC 7402P 24-Core Processor,standart,48,bare,Lnx,5.15.0-94-generic,#104-Ubuntu SMP Tue Jan 9 15:25:40 UTC 2024,4.0.2,1_0_2,48,fb395c65c89f40bc,particle_movement,th,4,0.44685063002759223,0.11171265750689806,2.2378842790000135,2.2378842790000135,2.2378842790000135,2.2378842790000135
AMD EPYC 7402P 24-Core Processor,standart,48,bare,Lnx,5.15.0-94-generic,#104-Ubuntu SMP Tue Jan 9 15:25:40 UTC 2024,4.0.2,1_0_2,48,fb395c65c89f40bc,particle_movement,th,5,0.44379590143008224,0.08875918028601645,2.2532880470000123,2.2532880470000123,2.2532880470000123,2.2532880470000123
AMD EPYC 7402P 24-Core Processor,standart,48,bare,Lnx,5.15.0-94-generic,#104-Ubuntu SMP Tue Jan 9 15:25:40 UTC 2024,4.0.2,1_0_2,48,fb395c65c89f40bc,particle_movement,th,6,0.48155980425860523,0.0802599673764342,2.0765852780000387,2.0765852780000387,2.0765852780000387,2.0765852780000387
AMD EPYC 7402P 24-Core Processor,standart,48,bare,Lnx,5.15.0-94-generic,#104-Ubuntu SMP Tue Jan 9 15:25:40 UTC 2024,4.0.2,1_0_2,48,fb395c65c89f40bc,particle_movement,th,7,0.4388700953571609,0.06269572790816584,2.2785785830000123,2.2785785830000123,2.2785785830000123,2.2785785830000123
AMD EPYC 7402P 24-Core Processor,standart,48,bare,Lnx,5.15.0-94-generic,#104-Ubuntu SMP Tue Jan 9 15:25:40 UTC 2024,4.0.2,1_0_2,48,fb395c65c89f40bc,particle_movement,th,8,0.451678010979228,0.0564597513724035,2.2139665329999616,2.2139665329999616,2.2139665329999616,2.2139665329999616
AMD EPYC 7402P 24-Core Processor,standart,48,bare,Lnx,5.15.0-94-generic,#104-Ubuntu SMP Tue Jan 9 15:25:40 UTC 2024,4.0.2,1_0_2,48,fb395c65c89f40bc,particle_movement,th,9,0.41280474480547724,0.04586719386727525,2.422452776,2.422452776,2.422452776,2.422452776
AMD EPYC 7402P 24-Core Processor,standart,48,bare,Lnx,5.15.0-94-generic,#104-Ubuntu SMP Tue Jan 9 15:25:40 UTC 2024,4.0.2,1_0_2,48,fb395c65c89f40bc,particle_movement,th,10,0.43800462748560204,0.043800462748560205,2.2830809019999947,2.2830809019999947,2.2830809019999947,2.2830809019999947
AMD EPYC 7402P 24-Core Processor,standart,48,bare,Lnx,5.15.0-94-generic,#104-Ubuntu SMP Tue Jan 9 15:25:40 UTC 2024,4.0.2,1_0_2,48,fb395c65c89f40bc,particle_movement,th,11,0.44582161495490813,0.04052923772317347,2.2430496110000036,2.2430496110000036,2.2430496110000036,2.2430496110000036
AMD EPYC 7402P 24-Core Processor,standart,48,bare,Lnx,5.15.0-94-generic,#104-Ubuntu SMP Tue Jan 9 15:25:40 UTC 2024,4.0.2,1_0_2,48,fb395c65c89f40bc,particle_movement,th,12,0.44170506052816777,0.03680875504401398,2.2639541390000204,2.2639541390000204,2.2639541390000204,2.2639541390000204
AMD EPYC 7402P 24-Core Processor,standart,48,bare,Lnx,5.15.0-94-generic,#104-Ubuntu SMP Tue Jan 9 15:25:40 UTC 2024,4.0.2,1_0_2,48,fb395c65c89f40bc,particle_movement,th,13,0.44236562935100887,0.03402812533469299,2.260573457000021,2.260573457000021,2.260573457000021,2.260573457000021
AMD EPYC 7402P 24-Core Processor,standart,48,bare,Lnx,5.15.0-94-generic,#104-Ubuntu SMP Tue Jan 9 15:25:40 UTC 2024,4.0.2,1_0_2,48,fb395c65c89f40bc,particle_movement,th,14,0.46856992733228536,0.03346928052373467,2.134153179000009,2.134153179000009,2.134153179000009,2.134153179000009
AMD EPYC 7402P 24-Core Processor,standart,48,bare,Lnx,5.15.0-94-generic,#104-Ubuntu SMP Tue Jan 9 15:25:40 UTC 2024,4.0.2,1_0_2,48,fb395c65c89f40bc,particle_movement,th,15,0.4710890947811088,0.031405939652073916,2.122740711000006,2.122740711000006,2.122740711000006,2.122740711000006
AMD EPYC 7402P 24-Core Processor,standart,48,bare,Lnx,5.15.0-94-generic,#104-Ubuntu SMP Tue Jan 9 15:25:40 UTC 2024,4.0.2,1_0_2,48,fb395c65c89f40bc,particle_movement,th,16,0.4492592042557997,0.02807870026598748,2.2258865049999486,2.2258865049999486,2.2258865049999486,2.2258865049999486
AMD EPYC 7402P 24-Core Processor,standart,48,bare,Lnx,5.15.0-94-generic,#104-Ubuntu SMP Tue Jan 9 15:25:40 UTC 2024,4.0.2,1_0_2,48,fb395c65c89f40bc,particle_movement,th,17,0.46710213599207095,0.027476596234827705,2.140859402999979,2.140859402999979,2.140859402999979,2.140859402999979
AMD EPYC 7402P 24-Core Processor,standart,48,bare,Lnx,5.15.0-94-generic,#104-Ubuntu SMP Tue Jan 9 15:25:40 UTC 2024,4.0.2,1_0_2,48,fb395c65c89f40bc,particle_movement,th,18,0.44834256505346703,0.024907920280748168,2.230437343999995,2.230437343999995,2.230437343999995,2.230437343999995
AMD EPYC 7402P 24-Core Processor,standart,48,bare,Lnx,5.15.0-94-generic,#104-Ubuntu SMP Tue Jan 9 15:25:40 UTC 2024,4.0.2,1_0_2,48,fb395c65c89f40bc,particle_movement,th,19,0.4382499738934481,0.023065788099655163,2.281802760000005,2.281802760000005,2.281802760000005,2.281802760000005
AMD EPYC 7402P 24-Core Processor,standart,48,bare,Lnx,5.15.0-94-generic,#104-Ubuntu SMP Tue Jan 9 15:25:40 UTC 2024,4.0.2,1_0_2,48,fb395c65c89f40bc,particle_movement,th,20,0.4549763725946892,0.02274881862973446,2.197916332000034,2.197916332000034,2.197916332000034,2.197916332000034
AMD EPYC 7402P 24-Core Processor,standart,48,bare,Lnx,5.15.0-94-generic,#104-Ubuntu SMP Tue Jan 9 15:25:40 UTC 2024,4.0.2,1_0_2,48,fb395c65c89f40bc,particle_movement,th,21,0.4599918301587018,0.021904372864700088,2.173951654000007,2.173951654000007,2.173951654000007,2.173951654000007
AMD EPYC 7402P 24-Core Processor,standart,48,bare,Lnx,5.15.0-94-generic,#104-Ubuntu SMP Tue Jan 9 15:25:40 UTC 2024,4.0.2,1_0_2,48,fb395c65c89f40bc,particle_movement,th,22,0.4428969471573013,0.02013167941624097,2.2578615780000746,2.2578615780000746,2.2578615780000746,2.2578615780000746
AMD EPYC 7402P 24-Core Processor,standart,48,bare,Lnx,5.15.0-94-generic,#104-Ubuntu SMP Tue Jan 9 15:25:40 UTC 2024,4.0.2,1_0_2,48,fb395c65c89f40bc,particle_movement,th,23,0.41545702597131895,0.018063348955274738,2.4069878169999583,2.4069878169999583,2.4069878169999583,2.4069878169999583
AMD EPYC 7402P 24-Core Processor,standart,48,bare,Lnx,5.15.0-94-generic,#104-Ubuntu SMP Tue Jan 9 15:25:40 UTC 2024,4.0.2,1_0_2,48,fb395c65c89f40bc,particle_movement,th,24,0.4252935177885573,0.017720563241189886,2.3513172860000395,2.3513172860000395,2.3513172860000395,2.3513172860000395
AMD EPYC 7402P 24-Core Processor,standart,48,bare,Lnx,5.15.0-94-generic,#104-Ubuntu SMP Tue Jan 9 15:25:40 UTC 2024,4.0.2,1_0_2,48,fb395c65c89f40bc,particle_movement,th,25,0.44570806841782995,0.017828322736713198,2.2436210399999936,2.2436210399999936,2.2436210399999936,2.2436210399999936
AMD EPYC 7402P 24-Core Processor,standart,48,bare,Lnx,5.15.0-94-generic,#104-Ubuntu SMP Tue Jan 9 15:25:40 UTC 2024,4.0.2,1_0_2,48,fb395c65c89f40bc,particle_movement,th,26,0.42495662416741187,0.016344485544900457,2.3531813440000633,2.3531813440000633,2.3531813440000633,2.3531813440000633
AMD EPYC 7402P 24-Core Processor,standart,48,bare,Lnx,5.15.0-94-generic,#104-Ubuntu SMP Tue Jan 9 15:25:40 UTC 2024,4.0.2,1_0_2,48,fb395c65c89f40bc,particle_movement,th,27,0.423126190425858,0.015671340386142887,2.3633611500000598,2.3633611500000598,2.3633611500000598,2.3633611500000598
AMD EPYC 7402P 24-Core Processor,standart,48,bare,Lnx,5.15.0-94-generic,#104-Ubuntu SMP Tue Jan 9 15:25:40 UTC 2024,4.0.2,1_0_2,48,fb395c65c89f40bc,particle_movement,th,28,0.42149580628996663,0.015053421653213094,2.372502845999975,2.372502845999975,2.372502845999975,2.372502845999975
AMD EPYC 7402P 24-Core Processor,standart,48,bare,Lnx,5.15.0-94-generic,#104-Ubuntu SMP Tue Jan 9 15:25:40 UTC 2024,4.0.2,1_0_2,48,fb395c65c89f40bc,particle_movement,th,29,0.4065701857482892,0.014019661577527213,2.459599928999978,2.459599928999978,2.459599928999978,2.459599928999978
AMD EPYC 7402P 24-Core Processor,standart,48,bare,Lnx,5.15.0-94-generic,#104-Ubuntu SMP Tue Jan 9 15:25:40 UTC 2024,4.0.2,1_0_2,48,fb395c65c89f40bc,particle_movement,th,30,0.43126499464181556,0.014375499821393852,2.318759956000008,2.318759956000008,2.318759956000008,2.318759956000008
AMD EPYC 7402P 24-Core Processor,standart,48,bare,Lnx,5.15.0-94-generic,#104-Ubuntu SMP Tue Jan 9 15:25:40 UTC 2024,4.0.2,1_0_2,48,fb395c65c89f40bc,particle_movement,th,31,0.4168802726443688,0.013447750730463509,2.398770259999992,2.398770259999992,2.398770259999992,2.398770259999992
AMD EPYC 7402P 24-Core Processor,standart,48,bare,Lnx,5.15.0-94-generic,#104-Ubuntu SMP Tue Jan 9 15:25:40 UTC 2024,4.0.2,1_0_2,48,fb395c65c89f40bc,particle_movement,th,32,0.4334500101728227,0.01354531281790071,2.3070711190000566,2.3070711190000566,2.3070711190000566,2.3070711190000566
AMD EPYC 7402P 24-Core Processor,standart,48,bare,Lnx,5.15.0-94-generic,#104-Ubuntu SMP Tue Jan 9 15:25:40 UTC 2024,4.0.2,1_0_2,48,fb395c65c89f40bc,particle_movement,th,33,0.40920866383163174,0.012400262540352477,2.443741025999998,2.443741025999998,2.443741025999998,2.443741025999998
AMD EPYC 7402P 24-Core Processor,standart,48,bare,Lnx,5.15.0-94-generic,#104-Ubuntu SMP Tue Jan 9 15:25:40 UTC 2024,4.0.2,1_0_2,48,fb395c65c89f40bc,particle_movement,th,34,0.40066272643962575,0.01178419783645958,2.4958648110000468,2.4958648110000468,2.4958648110000468,2.4958648110000468
AMD EPYC 7402P 24-Core Processor,standart,48,bare,Lnx,5.15.0-94-generic,#104-Ubuntu SMP Tue Jan 9 15:25:40 UTC 2024,4.0.2,1_0_2,48,fb395c65c89f40bc,particle_movement,th,35,0.4151426703130017,0.01186121915180005,2.4088104439999825,2.4088104439999825,2.4088104439999825,2.4088104439999825
AMD EPYC 7402P 24-Core Processor,standart,48,bare,Lnx,5.15.0-94-generic,#104-Ubuntu SMP Tue Jan 9 15:25:40 UTC 2024,4.0.2,1_0_2,48,fb395c65c89f40bc,particle_movement,th,36,0.402839205564489,0.011189977932346917,2.4823800319999236,2.4823800319999236,2.4823800319999236,2.4823800319999236
AMD EPYC 7402P 24-Core Processor,standart,48,bare,Lnx,5.15.0-94-generic,#104-Ubuntu SMP Tue Jan 9 15:25:40 UTC 2024,4.0.2,1_0_2,48,fb395c65c89f40bc,particle_movement,th,37,0.3981009750662189,0.01075948581260051,2.5119255229999453,2.5119255229999453,2.5119255229999453,2.5119255229999453
AMD EPYC 7402P 24-Core Processor,standart,48,bare,Lnx,5.15.0-94-generic,#104-Ubuntu SMP Tue Jan 9 15:25:40 UTC 2024,4.0.2,1_0_2,48,fb395c65c89f40bc,particle_movement,th,38,0.4041722879891423,0.010636112841819534,2.4741923920000772,2.4741923920000772,2.4741923920000772,2.4741923920000772
AMD EPYC 7402P 24-Core Processor,standart,48,bare,Lnx,5.15.0-94-generic,#104-Ubuntu SMP Tue Jan 9 15:25:40 UTC 2024,4.0.2,1_0_2,48,fb395c65c89f40bc,particle_movement,th,39,0.398137848130319,0.010208662772572282,2.511692884000013,2.511692884000013,2.511692884000013,2.511692884000013
AMD EPYC 7402P 24-Core Processor,standart,48,bare,Lnx,5.15.0-94-generic,#104-Ubuntu SMP Tue Jan 9 15:25:40 UTC 2024,4.0.2,1_0_2,48,fb395c65c89f40bc,particle_movement,th,40,0.40614880420509003,0.01015372010512725,2.462151777000031,2.462151777000031,2.462151777000031,2.462151777000031
AMD EPYC 7402P 24-Core Processor,standart,48,bare,Lnx,5.15.0-94-generic,#104-Ubuntu SMP Tue Jan 9 15:25:40 UTC 2024,4.0.2,1_0_2,48,fb395c65c89f40bc,particle_movement,th,41,0.3835971991762503,0.009356029248201227,2.6069012030000067,2.6069012030000067,2.6069012030000067,2.6069012030000067
AMD EPYC 7402P 24-Core Processor,standart,48,bare,Lnx,5.15.0-94-generic,#104-Ubuntu SMP Tue Jan 9 15:25:40 UTC 2024,4.0.2,1_0_2,48,fb395c65c89f40bc,particle_movement,th,42,0.3975949921053087,0.009466547431078779,2.515122222000059,2.515122222000059,2.515122222000059,2.515122222000059
AMD EPYC 7402P 24-Core Processor,standart,48,bare,Lnx,5.15.0-94-generic,#104-Ubuntu SMP Tue Jan 9 15:25:40 UTC 2024,4.0.2,1_0_2,48,fb395c65c89f40bc,particle_movement,th,43,0.3954836803040377,0.009197294890791574,2.5285493430000088,2.5285493430000088,2.5285493430000088,2.5285493430000088
AMD EPYC 7402P 24-Core Processor,standart,48,bare,Lnx,5.15.0-94-generic,#104-Ubuntu SMP Tue Jan 9 15:25:40 UTC 2024,4.0.2,1_0_2,48,fb395c65c89f40bc,particle_movement,th,44,0.4114362984937739,0.009350824965767588,2.43050990800009,2.43050990800009,2.43050990800009,2.43050990800009
AMD EPYC 7402P 24-Core Processor,standart,48,bare,Lnx,5.15.0-94-generic,#104-Ubuntu SMP Tue Jan 9 15:25:40 UTC 2024,4.0.2,1_0_2,48,fb395c65c89f40bc,particle_movement,th,45,0.38959123457309114,0.008657582990513137,2.5667928620000566,2.5667928620000566,2.5667928620000566,2.5667928620000566
AMD EPYC 7402P 24-Core Processor,standart,48,bare,Lnx,5.15.0-94-generic,#104-Ubuntu SMP Tue Jan 9 15:25:40 UTC 2024,4.0.2,1_0_2,48,fb395c65c89f40bc,particle_movement,th,46,0.39099361167112123,0.008499861123285244,2.557586543999946,2.557586543999946,2.557586543999946,2.557586543999946
AMD EPYC 7402P 24-Core Processor,standart,48,bare,Lnx,5.15.0-94-generic,#104-Ubuntu SMP Tue Jan 9 15:25:40 UTC 2024,4.0.2,1_0_2,48,fb395c65c89f40bc,particle_movement,th,47,0.3923682347444093,0.008348260313710837,2.548626294000087,2.548626294000087,2.548626294000087,2.548626294000087
AMD EPYC 7402P 24-Core Processor,standart,48,bare,Lnx,5.15.0-94-generic,#104-Ubuntu SMP Tue Jan 9 15:25:40 UTC 2024,4.0.2,1_0_2,48,fb395c65c89f40bc,particle_movement,th,48,0.39478916049984913,0.00822477417708019,2.5329976099999385,2.5329976099999385,2.5329976099999385,2.5329976099999385
AMD EPYC 7402P 24-Core Processor,standart,48,bare,Lnx,5.15.0-94-generic,#104-Ubuntu SMP Tue Jan 9 15:25:40 UTC 2024,4.0.2,1_0_2,48,fb395c65c89f40bc,particle_collision,mp,1,0.4222105020152109,0.4222105020152109,2.368486798000049,2.368486798000049,2.368486798000049,2.368486798000049
AMD EPYC 7402P 24-Core Processor,standart,48,bare,Lnx,5.15.0-94-generic,#104-Ubuntu SMP Tue Jan 9 15:25:40 UTC 2024,4.0.2,1_0_2,48,fb395c65c89f40bc,particle_collision,mp,2,0.8455101569158099,0.42275507845790494,2.365439232999961,2.365439232999961,2.3625923089999787,2.368286156999943
AMD EPYC 7402P 24-Core Processor,standart,48,bare,Lnx,5.15.0-94-generic,#104-Ubuntu SMP Tue Jan 9 15:25:40 UTC 2024,4.0.2,1_0_2,48,fb395c65c89f40bc,particle_collision,mp,3,1.253109152924637,0.417703050974879,2.3940476186666424,2.3945357289999265,2.390910704000021,2.3966964229999803
AMD EPYC 7402P 24-Core Processor,standart,48,bare,Lnx,5.15.0-94-generic,#104-Ubuntu SMP Tue Jan 9 15:25:40 UTC 2024,4.0.2,1_0_2,48,fb395c65c89f40bc,particle_collision,mp,4,1.6864538954595591,0.4216134738648898,2.3718407482500368,2.3719974135000257,2.3713032750000593,2.3720648910000364
AMD EPYC 7402P 24-Core Processor,standart,48,bare,Lnx,5.15.0-94-generic,#104-Ubuntu SMP Tue Jan 9 15:25:40 UTC 2024,4.0.2,1_0_2,48,fb395c65c89f40bc,particle_collision,mp,5,2.109517445309467,0.4219034890618934,2.3702157276000206,2.3719472210000276,2.363150811999958,2.3726363130000436
AMD EPYC 7402P 24-Core Processor,standart,48,bare,Lnx,5.15.0-94-generic,#104-Ubuntu SMP Tue Jan 9 15:25:40 UTC 2024,4.0.2,1_0_2,48,fb395c65c89f40bc,particle_collision,mp,6,2.5335389380874123,0.42225648968123536,2.3682292341666575,2.368111033499929,2.367051783000079,2.370101575000035
AMD EPYC 7402P 24-Core Processor,standart,48,bare,Lnx,5.15.0-94-generic,#104-Ubuntu SMP Tue Jan 9 15:25:40 UTC 2024,4.0.2,1_0_2,48,fb395c65c89f40bc,particle_collision,mp,7,2.954671036205822,0.4220958623151175,2.369130904571453,2.368683103999956,2.367728292000038,2.3714961080000876
AMD EPYC 7402P 24-Core Processor,standart,48,bare,Lnx,5.15.0-94-generic,#104-Ubuntu SMP Tue Jan 9 15:25:40 UTC 2024,4.0.2,1_0_2,48,fb395c65c89f40bc,particle_collision,mp,8,3.375889030465748,0.4219861288082185,2.369749256375016,2.3701959800000054,2.3665950550000616,2.37496253300003
AMD EPYC 7402P 24-Core Processor,standart,48,bare,Lnx,5.15.0-94-generic,#104-Ubuntu SMP Tue Jan 9 15:25:40 UTC 2024,4.0.2,1_0_2,48,fb395c65c89f40bc,particle_collision,mp,9,3.7957600668919627,0.4217511185435514,2.37108886244443,2.367843353000012,2.3649978600000168,2.3862505999999257
AMD EPYC 7402P 24-Core Processor,standart,48,bare,Lnx,5.15.0-94-generic,#104-Ubuntu SMP Tue Jan 9 15:25:40 UTC 2024,4.0.2,1_0_2,48,fb395c65c89f40bc,particle_collision,mp,10,4.217785137829263,0.4217785137829263,2.370925489600006,2.3684215750000135,2.363744176999944,2.378418987000032
AMD EPYC 7402P 24-Core Processor,standart,48,bare,Lnx,5.15.0-94-generic,#104-Ubuntu SMP Tue Jan 9 15:25:40 UTC 2024,4.0.2,1_0_2,48,fb395c65c89f40bc,particle_collision,mp,11,4.635081492616513,0.4213710447833194,2.373215799090903,2.372970617000078,2.366888270000004,2.383083385999953
AMD EPYC 7402P 24-Core Processor,standart,48,bare,Lnx,5.15.0-94-generic,#104-Ubuntu SMP Tue Jan 9 15:25:40 UTC 2024,4.0.2,1_0_2,48,fb395c65c89f40bc,particle_collision,mp,12,5.0605051151063725,0.4217087595921977,2.3713093065000046,2.372373240999991,2.3662296820000392,2.375320206000083
AMD EPYC 7402P 24-Core Processor,standart,48,bare,Lnx,5.15.0-94-generic,#104-Ubuntu SMP Tue Jan 9 15:25:40 UTC 2024,4.0.2,1_0_2,48,fb395c65c89f40bc,particle_collision,mp,13,5.478742007673782,0.4214416928979832,2.3728136055384628,2.3738169609999886,2.3657113719999643,2.377664115000016
AMD EPYC 7402P 24-Core Processor,standart,48,bare,Lnx,5.15.0-94-generic,#104-Ubuntu SMP Tue Jan 9 15:25:40 UTC 2024,4.0.2,1_0_2,48,fb395c65c89f40bc,particle_collision,mp,14,5.9015835251500155,0.4215416803678583,2.3722470024999973,2.3726266595000425,2.3673029800000904,2.37500950499998
AMD EPYC 7402P 24-Core Processor,standart,48,bare,Lnx,5.15.0-94-generic,#104-Ubuntu SMP Tue Jan 9 15:25:40 UTC 2024,4.0.2,1_0_2,48,fb395c65c89f40bc,particle_collision,mp,15,6.319593789710201,0.4213062526473467,2.373571471866671,2.3731444600000486,2.369627508999997,2.377992383999981
AMD EPYC 7402P 24-Core Processor,standart,48,bare,Lnx,5.15.0-94-generic,#104-Ubuntu SMP Tue Jan 9 15:25:40 UTC 2024,4.0.2,1_0_2,48,fb395c65c89f40bc,particle_collision,mp,16,6.7400278023744935,0.42125173764840584,2.3738786384999884,2.373753274999956,2.370891834999952,2.37647572100002
AMD EPYC 7402P 24-Core Processor,standart,48,bare,Lnx,5.15.0-94-generic,#104-Ubuntu SMP Tue Jan 9 15:25:40 UTC 2024,4.0.2,1_0_2,48,fb395c65c89f40bc,particle_collision,mp,17,7.160172362826169,0.42118660957800996,2.374246611941163,2.373473482999998,2.3712384330000305,2.379031017999978
AMD EPYC 7402P 24-Core Processor,standart,48,bare,Lnx,5.15.0-94-generic,#104-Ubuntu SMP Tue Jan 9 15:25:40 UTC 2024,4.0.2,1_0_2,48,fb395c65c89f40bc,particle_collision,mp,18,7.583219811626208,0.4212899895347893,2.373663774444443,2.373817918499981,2.369635788000096,2.3771394020000116
AMD EPYC 7402P 24-Core Processor,standart,48,bare,Lnx,5.15.0-94-generic,#104-Ubuntu SMP Tue Jan 9 15:25:40 UTC 2024,4.0.2,1_0_2,48,fb395c65c89f40bc,particle_collision,mp,19,7.999733520804783,0.4210386063581465,2.3750802051052617,2.3752127190000465,2.3714459520000446,2.3778923620000114
AMD EPYC 7402P 24-Core Processor,standart,48,bare,Lnx,5.15.0-94-generic,#104-Ubuntu SMP Tue Jan 9 15:25:40 UTC 2024,4.0.2,1_0_2,48,fb395c65c89f40bc,particle_collision,mp,20,8.420033724932653,0.42100168624663264,2.375289851499997,2.374833143499984,2.372421188999965,2.3802830820000054
AMD EPYC 7402P 24-Core Processor,standart,48,bare,Lnx,5.15.0-94-generic,#104-Ubuntu SMP Tue Jan 9 15:25:40 UTC 2024,4.0.2,1_0_2,48,fb395c65c89f40bc,particle_collision,mp,21,8.821625491198475,0.4200774043427845,2.380515163952374,2.38043605200005,2.377130361000013,2.385005842999931
AMD EPYC 7402P 24-Core Processor,standart,48,bare,Lnx,5.15.0-94-generic,#104-Ubuntu SMP Tue Jan 9 15:25:40 UTC 2024,4.0.2,1_0_2,48,fb395c65c89f40bc,particle_collision,mp,22,9.234480944764949,0.4197491338529522,2.38237830895453,2.3830804565000108,2.3760329460000094,2.3888098469999477
AMD EPYC 7402P 24-Core Processor,standart,48,bare,Lnx,5.15.0-94-generic,#104-Ubuntu SMP Tue Jan 9 15:25:40 UTC 2024,4.0.2,1_0_2,48,fb395c65c89f40bc,particle_collision,mp,23,9.601610120990435,0.41746130960827976,2.395432570913054,2.395491265999908,2.391368281000041,2.3995586899999353
AMD EPYC 7402P 24-Core Processor,standart,48,bare,Lnx,5.15.0-94-generic,#104-Ubuntu SMP Tue Jan 9 15:25:40 UTC 2024,4.0.2,1_0_2,48,fb395c65c89f40bc,particle_collision,mp,24,9.922121301277718,0.4134217208865716,2.418838172125002,2.4188067864999994,2.416394438999987,2.4222544560000188
AMD EPYC 7402P 24-Core Processor,standart,48,bare,Lnx,5.15.0-94-generic,#104-Ubuntu SMP Tue Jan 9 15:25:40 UTC 2024,4.0.2,1_0_2,48,fb395c65c89f40bc,particle_collision,mp,25,10.133954617164195,0.40535818468656776,2.4747066912000126,2.430304277999994,2.4271152009999923,2.98820522799997
AMD EPYC 7402P 24-Core Processor,standart,48,bare,Lnx,5.15.0-94-generic,#104-Ubuntu SMP Tue Jan 9 15:25:40 UTC 2024,4.0.2,1_0_2,48,fb395c65c89f40bc,particle_collision,mp,26,10.363102379827968,0.3985808607626141,2.5212094424230624,2.435079316999918,2.432505640000045,3.007588649000013
AMD EPYC 7402P 24-Core Processor,standart,48,bare,Lnx,5.15.0-94-generic,#104-Ubuntu SMP Tue Jan 9 15:25:40 UTC 2024,4.0.2,1_0_2,48,fb395c65c89f40bc,particle_collision,mp,27,10.621262468987778,0.3933800914439918,2.5611660435185084,2.436005461000036,2.4335568479999665,3.0113568329999225
AMD EPYC 7402P 24-Core Processor,standart,48,bare,Lnx,5.15.0-94-generic,#104-Ubuntu SMP Tue Jan 9 15:25:40 UTC 2024,4.0.2,1_0_2,48,fb395c65c89f40bc,particle_collision,mp,28,10.890706563722027,0.38895380584721523,2.5936379472142863,2.4336038710000025,2.4312636610000027,3.006542875999912
AMD EPYC 7402P 24-Core Processor,standart,48,bare,Lnx,5.15.0-94-generic,#104-Ubuntu SMP Tue Jan 9 15:25:40 UTC 2024,4.0.2,1_0_2,48,fb395c65c89f40bc,particle_collision,mp,29,11.323223229204187,0.39045597342083405,2.586367158103446,2.396074509000073,2.3927017590000332,2.9578802560000668
AMD EPYC 7402P 24-Core Processor,standart,48,bare,Lnx,5.15.0-94-generic,#104-Ubuntu SMP Tue Jan 9 15:25:40 UTC 2024,4.0.2,1_0_2,48,fb395c65c89f40bc,particle_collision,mp,30,11.494044891693447,0.3831348297231149,2.6375256886333394,2.414072249500009,2.4107620570000563,2.9937794039999517
AMD EPYC 7402P 24-Core Processor,standart,48,bare,Lnx,5.15.0-94-generic,#104-Ubuntu SMP Tue Jan 9 15:25:40 UTC 2024,4.0.2,1_0_2,48,fb395c65c89f40bc,particle_collision,mp,31,11.78986384350421,0.38031818850013577,2.656459105645159,2.4641446989999167,2.393289625999955,2.965071179000006
AMD EPYC 7402P 24-Core Processor,standart,48,bare,Lnx,5.15.0-94-generic,#104-Ubuntu SMP Tue Jan 9 15:25:40 UTC 2024,4.0.2,1_0_2,48,fb395c65c89f40bc,particle_collision,mp,32,12.078164757802307,0.3774426486813221,2.6785319292812417,2.695488100500029,2.393552409999984,2.97251586099992
AMD EPYC 7402P 24-Core Processor,standart,48,bare,Lnx,5.15.0-94-generic,#104-Ubuntu SMP Tue Jan 9 15:25:40 UTC 2024,4.0.2,1_0_2,48,fb395c65c89f40bc,particle_collision,mp,33,12.332247075494644,0.37370445683317105,2.7035820964545456,2.9379337679999935,2.3931976419999046,2.9806092920000538
AMD EPYC 7402P 24-Core Processor,standart,48,bare,Lnx,5.15.0-94-generic,#104-Ubuntu SMP Tue Jan 9 15:25:40 UTC 2024,4.0.2,1_0_2,48,fb395c65c89f40bc,particle_collision,mp,34,12.573489701130898,0.369808520621497,2.7324195195000165,2.9480779450000227,2.394745467000007,3.025329047000014
AMD EPYC 7402P 24-Core Processor,standart,48,bare,Lnx,5.15.0-94-generic,#104-Ubuntu SMP Tue Jan 9 15:25:40 UTC 2024,4.0.2,1_0_2,48,fb395c65c89f40bc,particle_collision,mp,35,12.814128475770465,0.3661179564505847,2.7611861740857195,2.948909941000011,2.397231906000002,3.0218946120000965
AMD EPYC 7402P 24-Core Processor,standart,48,bare,Lnx,5.15.0-94-generic,#104-Ubuntu SMP Tue Jan 9 15:25:40 UTC 2024,4.0.2,1_0_2,48,fb395c65c89f40bc,particle_collision,mp,36,13.038456181426787,0.3621793383729663,2.7887324105833247,2.963084793500002,2.3986303770000177,3.0341366630000266
AMD EPYC 7402P 24-Core Processor,standart,48,bare,Lnx,5.15.0-94-generic,#104-Ubuntu SMP Tue Jan 9 15:25:40 UTC 2024,4.0.2,1_0_2,48,fb395c65c89f40bc,particle_collision,mp,37,13.253470105154786,0.3582018947339131,2.820588910297288,2.9684704420000116,2.401301394000029,3.1033903190000274
AMD EPYC 7402P 24-Core Processor,standart,48,bare,Lnx,5.15.0-94-generic,#104-Ubuntu SMP Tue Jan 9 15:25:40 UTC 2024,4.0.2,1_0_2,48,fb395c65c89f40bc,particle_collision,mp,38,13.439328118243719,0.3536665294274663,2.856423317157892,2.976000761000023,2.4045841119999523,3.105385927000043
AMD EPYC 7402P 24-Core Processor,standart,48,bare,Lnx,5.15.0-94-generic,#104-Ubuntu SMP Tue Jan 9 15:25:40 UTC 2024,4.0.2,1_0_2,48,fb395c65c89f40bc,particle_collision,mp,39,13.557400238734061,0.3476256471470272,2.898204925794869,2.9819712140000547,2.4116728280000643,3.1045839949999845
AMD EPYC 7402P 24-Core Processor,standart,48,bare,Lnx,5.15.0-94-generic,#104-Ubuntu SMP Tue Jan 9 15:25:40 UTC 2024,4.0.2,1_0_2,48,fb395c65c89f40bc,particle_collision,mp,40,13.850186618073515,0.34625466545183786,2.9137794706249993,2.9810623314999702,2.408932680000021,3.1129041939999524
AMD EPYC 7402P 24-Core Processor,standart,48,bare,Lnx,5.15.0-94-generic,#104-Ubuntu SMP Tue Jan 9 15:25:40 UTC 2024,4.0.2,1_0_2,48,fb395c65c89f40bc,particle_collision,mp,41,14.00116001610567,0.3414917077098944,2.9525468531219525,3.0681592670000555,2.411769660999994,3.1185373759999493
AMD EPYC 7402P 24-Core Processor,standart,48,bare,Lnx,5.15.0-94-generic,#104-Ubuntu SMP Tue Jan 9 15:25:40 UTC 2024,4.0.2,1_0_2,48,fb395c65c89f40bc,particle_collision,mp,42,14.200598936139452,0.3381094984795108,2.9785075625714295,3.095833178000021,2.4230222290000256,3.125536598999929
AMD EPYC 7402P 24-Core Processor,standart,48,bare,Lnx,5.15.0-94-generic,#104-Ubuntu SMP Tue Jan 9 15:25:40 UTC 2024,4.0.2,1_0_2,48,fb395c65c89f40bc,particle_collision,mp,43,14.381075114600572,0.33444360731629236,3.0079256047907026,3.1096286100000725,2.4250761110000667,3.1328566759999603
AMD EPYC 7402P 24-Core Processor,standart,48,bare,Lnx,5.15.0-94-generic,#104-Ubuntu SMP Tue Jan 9 15:25:40 UTC 2024,4.0.2,1_0_2,48,fb395c65c89f40bc,particle_collision,mp,44,14.536299571421237,0.33037044480502814,3.0425608571363587,3.1283551230000057,2.430007971000009,3.1408334289999402
AMD EPYC 7402P 24-Core Processor,standart,48,bare,Lnx,5.15.0-94-generic,#104-Ubuntu SMP Tue Jan 9 15:25:40 UTC 2024,4.0.2,1_0_2,48,fb395c65c89f40bc,particle_collision,mp,45,14.679280107619148,0.3262062246137588,3.076670160177779,3.1418199350000577,2.438269830999957,3.1515506179999875
AMD EPYC 7402P 24-Core Processor,standart,48,bare,Lnx,5.15.0-94-generic,#104-Ubuntu SMP Tue Jan 9 15:25:40 UTC 2024,4.0.2,1_0_2,48,fb395c65c89f40bc,particle_collision,mp,46,14.831014982941532,0.3224133691943811,3.1099196745217417,3.1509332915000527,2.4431167710000636,3.1628644209999948
AMD EPYC 7402P 24-Core Processor,standart,48,bare,Lnx,5.15.0-94-generic,#104-Ubuntu SMP Tue Jan 9 15:25:40 UTC 2024,4.0.2,1_0_2,48,fb395c65c89f40bc,particle_collision,mp,47,14.988535317276312,0.3189050067505598,3.140207172574465,3.16155281500005,2.4485528389999445,3.175115603999984
AMD EPYC 7402P 24-Core Processor,standart,48,bare,Lnx,5.15.0-94-generic,#104-Ubuntu SMP Tue Jan 9 15:25:40 UTC 2024,4.0.2,1_0_2,48,fb395c65c89f40bc,particle_collision,mp,48,15.132501329861517,0.3152604443721149,3.1719917875625043,3.1705386140000087,3.159733232999997,3.1834729649999645
AMD EPYC 7402P 24-Core Processor,standart,48,bare,Lnx,5.15.0-94-generic,#104-Ubuntu SMP Tue Jan 9 15:25:40 UTC 2024,4.0.2,1_0_2,48,fb395c65c89f40bc,particle_collision,th,1,0.4217780091284624,0.4217780091284624,2.3709154539999417,2.3709154539999417,2.3709154539999417,2.3709154539999417
AMD EPYC 7402P 24-Core Processor,standart,48,bare,Lnx,5.15.0-94-generic,#104-Ubuntu SMP Tue Jan 9 15:25:40 UTC 2024,4.0.2,1_0_2,48,fb395c65c89f40bc,particle_collision,th,2,0.4184136050092448,0.2092068025046224,2.3899796470000183,2.3899796470000183,2.3899796470000183,2.3899796470000183
AMD EPYC 7402P 24-Core Processor,standart,48,bare,Lnx,5.15.0-94-generic,#104-Ubuntu SMP Tue Jan 9 15:25:40 UTC 2024,4.0.2,1_0_2,48,fb395c65c89f40bc,particle_collision,th,3,0.41318803778171564,0.13772934592723854,2.4202055929999915,2.4202055929999915,2.4202055929999915,2.4202055929999915
AMD EPYC 7402P 24-Core Processor,standart,48,bare,Lnx,5.15.0-94-generic,#104-Ubuntu SMP Tue Jan 9 15:25:40 UTC 2024,4.0.2,1_0_2,48,fb395c65c89f40bc,particle_collision,th,4,0.4024453304288362,0.10061133260720904,2.4848095489999196,2.4848095489999196,2.4848095489999196,2.4848095489999196
AMD EPYC 7402P 24-Core Processor,standart,48,bare,Lnx,5.15.0-94-generic,#104-Ubuntu SMP Tue Jan 9 15:25:40 UTC 2024,4.0.2,1_0_2,48,fb395c65c89f40bc,particle_collision,th,5,0.4141300399343717,0.08282600798687434,2.41470046500001,2.41470046500001,2.41470046500001,2.41470046500001
AMD EPYC 7402P 24-Core Processor,standart,48,bare,Lnx,5.15.0-94-generic,#104-Ubuntu SMP Tue Jan 9 15:25:40 UTC 2024,4.0.2,1_0_2,48,fb395c65c89f40bc,particle_collision,th,6,0.392294669555039,0.06538244492583983,2.5491042259999404,2.5491042259999404,2.5491042259999404,2.5491042259999404
AMD EPYC 7402P 24-Core Processor,standart,48,bare,Lnx,5.15.0-94-generic,#104-Ubuntu SMP Tue Jan 9 15:25:40 UTC 2024,4.0.2,1_0_2,48,fb395c65c89f40bc,particle_collision,th,7,0.3825429859440875,0.0546489979920125,2.614085310000064,2.614085310000064,2.614085310000064,2.614085310000064
AMD EPYC 7402P 24-Core Processor,standart,48,bare,Lnx,5.15.0-94-generic,#104-Ubuntu SMP Tue Jan 9 15:25:40 UTC 2024,4.0.2,1_0_2,48,fb395c65c89f40bc,particle_collision,th,8,0.39719733587830913,0.04964966698478864,2.5176402499999995,2.5176402499999995,2.5176402499999995,2.5176402499999995
AMD EPYC 7402P 24-Core Processor,standart,48,bare,Lnx,5.15.0-94-generic,#104-Ubuntu SMP Tue Jan 9 15:25:40 UTC 2024,4.0.2,1_0_2,48,fb395c65c89f40bc,particle_collision,th,9,0.396574323732593,0.04406381374806589,2.5215954239999974,2.5215954239999974,2.5215954239999974,2.5215954239999974
AMD EPYC 7402P 24-Core Processor,standart,48,bare,Lnx,5.15.0-94-generic,#104-Ubuntu SMP Tue Jan 9 15:25:40 UTC 2024,4.0.2,1_0_2,48,fb395c65c89f40bc,particle_collision,th,10,0.3810582700051098,0.038105827000510975,2.624270561000003,2.624270561000003,2.624270561000003,2.624270561000003
AMD EPYC 7402P 24-Core Processor,standart,48,bare,Lnx,5.15.0-94-generic,#104-Ubuntu SMP Tue Jan 9 15:25:40 UTC 2024,4.0.2,1_0_2,48,fb395c65c89f40bc,particle_collision,th,11,0.3931733087220711,0.03574302806564283,2.543407646999981,2.543407646999981,2.543407646999981,2.543407646999981
AMD EPYC 7402P 24-Core Processor,standart,48,bare,Lnx,5.15.0-94-generic,#104-Ubuntu SMP Tue Jan 9 15:25:40 UTC 2024,4.0.2,1_0_2,48,fb395c65c89f40bc,particle_collision,th,12,0.38132749375221275,0.03177729114601773,2.622417781000081,2.622417781000081,2.622417781000081,2.622417781000081
AMD EPYC 7402P 24-Core Processor,standart,48,bare,Lnx,5.15.0-94-generic,#104-Ubuntu SMP Tue Jan 9 15:25:40 UTC 2024,4.0.2,1_0_2,48,fb395c65c89f40bc,particle_collision,th,13,0.38997140792034013,0.029997800609256935,2.564290559999904,2.564290559999904,2.564290559999904,2.564290559999904
AMD EPYC 7402P 24-Core Processor,standart,48,bare,Lnx,5.15.0-94-generic,#104-Ubuntu SMP Tue Jan 9 15:25:40 UTC 2024,4.0.2,1_0_2,48,fb395c65c89f40bc,particle_collision,th,14,0.3773912065385169,0.026956514752751206,2.649770272000069,2.649770272000069,2.649770272000069,2.649770272000069
AMD EPYC 7402P 24-Core Processor,standart,48,bare,Lnx,5.15.0-94-generic,#104-Ubuntu SMP Tue Jan 9 15:25:40 UTC 2024,4.0.2,1_0_2,48,fb395c65c89f40bc,particle_collision,th,15,0.3678705920076029,0.024524706133840193,2.718347216999973,2.718347216999973,2.718347216999973,2.718347216999973
AMD EPYC 7402P 24-Core Processor,standart,48,bare,Lnx,5.15.0-94-generic,#104-Ubuntu SMP Tue Jan 9 15:25:40 UTC 2024,4.0.2,1_0_2,48,fb395c65c89f40bc,particle_collision,th,16,0.37843608374435733,0.023652255234022333,2.642454149999935,2.642454149999935,2.642454149999935,2.642454149999935
AMD EPYC 7402P 24-Core Processor,standart,48,bare,Lnx,5.15.0-94-generic,#104-Ubuntu SMP Tue Jan 9 15:25:40 UTC 2024,4.0.2,1_0_2,48,fb395c65c89f40bc,particle_collision,th,17,0.37952330351950025,0.022324900207029427,2.634884315999898,2.634884315999898,2.634884315999898,2.634884315999898
AMD EPYC 7402P 24-Core Processor,standart,48,bare,Lnx,5.15.0-94-generic,#104-Ubuntu SMP Tue Jan 9 15:25:40 UTC 2024,4.0.2,1_0_2,48,fb395c65c89f40bc,particle_collision,th,18,0.3850977562875346,0.021394319793751924,2.59674325200001,2.59674325200001,2.59674325200001,2.59674325200001
AMD EPYC 7402P 24-Core Processor,standart,48,bare,Lnx,5.15.0-94-generic,#104-Ubuntu SMP Tue Jan 9 15:25:40 UTC 2024,4.0.2,1_0_2,48,fb395c65c89f40bc,particle_collision,th,19,0.3739270776215554,0.019680372506397655,2.6743182289999368,2.6743182289999368,2.6743182289999368,2.6743182289999368
AMD EPYC 7402P 24-Core Processor,standart,48,bare,Lnx,5.15.0-94-generic,#104-Ubuntu SMP Tue Jan 9 15:25:40 UTC 2024,4.0.2,1_0_2,48,fb395c65c89f40bc,particle_collision,th,20,0.38393245472023363,0.019196622736011682,2.6046248180000475,2.6046248180000475,2.6046248180000475,2.6046248180000475
AMD EPYC 7402P 24-Core Processor,standart,48,bare,Lnx,5.15.0-94-generic,#104-Ubuntu SMP Tue Jan 9 15:25:40 UTC 2024,4.0.2,1_0_2,48,fb395c65c89f40bc,particle_collision,th,21,0.38166942759524314,0.01817473464739253,2.620068382999989,2.620068382999989,2.620068382999989,2.620068382999989
AMD EPYC 7402P 24-Core Processor,standart,48,bare,Lnx,5.15.0-94-generic,#104-Ubuntu SMP Tue Jan 9 15:25:40 UTC 2024,4.0.2,1_0_2,48,fb395c65c89f40bc,particle_collision,th,22,0.39491114840364255,0.017950506745620116,2.5322151679999934,2.5322151679999934,2.5322151679999934,2.5322151679999934
AMD EPYC 7402P 24-Core Processor,standart,48,bare,Lnx,5.15.0-94-generic,#104-Ubuntu SMP Tue Jan 9 15:25:40 UTC 2024,4.0.2,1_0_2,48,fb395c65c89f40bc,particle_collision,th,23,0.39329101671706546,0.017099609422481107,2.54264643099998,2.54264643099998,2.54264643099998,2.54264643099998
AMD EPYC 7402P 24-Core Processor,standart,48,bare,Lnx,5.15.0-94-generic,#104-Ubuntu SMP Tue Jan 9 15:25:40 UTC 2024,4.0.2,1_0_2,48,fb395c65c89f40bc,particle_collision,th,24,0.3698340183113713,0.015409750762973804,2.703915676999941,2.703915676999941,2.703915676999941,2.703915676999941
AMD EPYC 7402P 24-Core Processor,standart,48,bare,Lnx,5.15.0-94-generic,#104-Ubuntu SMP Tue Jan 9 15:25:40 UTC 2024,4.0.2,1_0_2,48,fb395c65c89f40bc,particle_collision,th,25,0.37430575901360086,0.014972230360544035,2.671612648000064,2.671612648000064,2.671612648000064,2.671612648000064
AMD EPYC 7402P 24-Core Processor,standart,48,bare,Lnx,5.15.0-94-generic,#104-Ubuntu SMP Tue Jan 9 15:25:40 UTC 2024,4.0.2,1_0_2,48,fb395c65c89f40bc,particle_collision,th,26,0.377047123202023,0.014501812430847038,2.652188383000066,2.652188383000066,2.652188383000066,2.652188383000066
AMD EPYC 7402P 24-Core Processor,standart,48,bare,Lnx,5.15.0-94-generic,#104-Ubuntu SMP Tue Jan 9 15:25:40 UTC 2024,4.0.2,1_0_2,48,fb395c65c89f40bc,particle_collision,th,27,0.39091902562213643,0.014478482430449498,2.558074523000073,2.558074523000073,2.558074523000073,2.558074523000073
AMD EPYC 7402P 24-Core Processor,standart,48,bare,Lnx,5.15.0-94-generic,#104-Ubuntu SMP Tue Jan 9 15:25:40 UTC 2024,4.0.2,1_0_2,48,fb395c65c89f40bc,particle_collision,th,28,0.3726346176885397,0.013308379203162133,2.6835939349999762,2.6835939349999762,2.6835939349999762,2.6835939349999762
AMD EPYC 7402P 24-Core Processor,standart,48,bare,Lnx,5.15.0-94-generic,#104-Ubuntu SMP Tue Jan 9 15:25:40 UTC 2024,4.0.2,1_0_2,48,fb395c65c89f40bc,particle_collision,th,29,0.37458077453491145,0.012916578432238326,2.6696511620000365,2.6696511620000365,2.6696511620000365,2.6696511620000365
AMD EPYC 7402P 24-Core Processor,standart,48,bare,Lnx,5.15.0-94-generic,#104-Ubuntu SMP Tue Jan 9 15:25:40 UTC 2024,4.0.2,1_0_2,48,fb395c65c89f40bc,particle_collision,th,30,0.3795438595667312,0.012651461985557706,2.6347416109999813,2.6347416109999813,2.6347416109999813,2.6347416109999813
AMD EPYC 7402P 24-Core Processor,standart,48,bare,Lnx,5.15.0-94-generic,#104-Ubuntu SMP Tue Jan 9 15:25:40 UTC 2024,4.0.2,1_0_2,48,fb395c65c89f40bc,particle_collision,th,31,0.3805410292918002,0.01227551707392904,2.6278375340000366,2.6278375340000366,2.6278375340000366,2.6278375340000366
AMD EPYC 7402P 24-Core Processor,standart,48,bare,Lnx,5.15.0-94-generic,#104-Ubuntu SMP Tue Jan 9 15:25:40 UTC 2024,4.0.2,1_0_2,48,fb395c65c89f40bc,particle_collision,th,32,0.3765229796803491,0.011766343115010909,2.65588039499994,2.65588039499994,2.65588039499994,2.65588039499994
AMD EPYC 7402P 24-Core Processor,standart,48,bare,Lnx,5.15.0-94-generic,#104-Ubuntu SMP Tue Jan 9 15:25:40 UTC 2024,4.0.2,1_0_2,48,fb395c65c89f40bc,particle_collision,th,33,0.38034607250978664,0.011525638560902626,2.6291845040000226,2.6291845040000226,2.6291845040000226,2.6291845040000226
AMD EPYC 7402P 24-Core Processor,standart,48,bare,Lnx,5.15.0-94-generic,#104-Ubuntu SMP Tue Jan 9 15:25:40 UTC 2024,4.0.2,1_0_2,48,fb395c65c89f40bc,particle_collision,th,34,0.3887021862455078,0.011432417242514935,2.5726636879999205,2.5726636879999205,2.5726636879999205,2.5726636879999205
AMD EPYC 7402P 24-Core Processor,standart,48,bare,Lnx,5.15.0-94-generic,#104-Ubuntu SMP Tue Jan 9 15:25:40 UTC 2024,4.0.2,1_0_2,48,fb395c65c89f40bc,particle_collision,th,35,0.3749921033225566,0.01071406009493019,2.6667228219998833,2.6667228219998833,2.6667228219998833,2.6667228219998833
AMD EPYC 7402P 24-Core Processor,standart,48,bare,Lnx,5.15.0-94-generic,#104-Ubuntu SMP Tue Jan 9 15:25:40 UTC 2024,4.0.2,1_0_2,48,fb395c65c89f40bc,particle_collision,th,36,0.38792087735983055,0.01077557992666196,2.577845272999866,2.577845272999866,2.577845272999866,2.577845272999866
AMD EPYC 7402P 24-Core Processor,standart,48,bare,Lnx,5.15.0-94-generic,#104-Ubuntu SMP Tue Jan 9 15:25:40 UTC 2024,4.0.2,1_0_2,48,fb395c65c89f40bc,particle_collision,th,37,0.3777656281132234,0.01020988184089793,2.647143958000015,2.647143958000015,2.647143958000015,2.647143958000015
AMD EPYC 7402P 24-Core Processor,standart,48,bare,Lnx,5.15.0-94-generic,#104-Ubuntu SMP Tue Jan 9 15:25:40 UTC 2024,4.0.2,1_0_2,48,fb395c65c89f40bc,particle_collision,th,38,0.3726885448818294,0.00980759328636393,2.683205625000028,2.683205625000028,2.683205625000028,2.683205625000028
AMD EPYC 7402P 24-Core Processor,standart,48,bare,Lnx,5.15.0-94-generic,#104-Ubuntu SMP Tue Jan 9 15:25:40 UTC 2024,4.0.2,1_0_2,48,fb395c65c89f40bc,particle_collision,th,39,0.37023671752069276,0.00949324916719725,2.7009746810001616,2.7009746810001616,2.7009746810001616,2.7009746810001616
AMD EPYC 7402P 24-Core Processor,standart,48,bare,Lnx,5.15.0-94-generic,#104-Ubuntu SMP Tue Jan 9 15:25:40 UTC 2024,4.0.2,1_0_2,48,fb395c65c89f40bc,particle_collision,th,40,0.37536615171032994,0.009384153792758249,2.664065461000064,2.664065461000064,2.664065461000064,2.664065461000064
AMD EPYC 7402P 24-Core Processor,standart,48,bare,Lnx,5.15.0-94-generic,#104-Ubuntu SMP Tue Jan 9 15:25:40 UTC 2024,4.0.2,1_0_2,48,fb395c65c89f40bc,particle_collision,th,41,0.3751940289187863,0.009151073876067959,2.6652876190000825,2.6652876190000825,2.6652876190000825,2.6652876190000825
AMD EPYC 7402P 24-Core Processor,standart,48,bare,Lnx,5.15.0-94-generic,#104-Ubuntu SMP Tue Jan 9 15:25:40 UTC 2024,4.0.2,1_0_2,48,fb395c65c89f40bc,particle_collision,th,42,0.36960022165783174,0.008800005277567422,2.70562608299997,2.70562608299997,2.70562608299997,2.70562608299997
AMD EPYC 7402P 24-Core Processor,standart,48,bare,Lnx,5.15.0-94-generic,#104-Ubuntu SMP Tue Jan 9 15:25:40 UTC 2024,4.0.2,1_0_2,48,fb395c65c89f40bc,particle_collision,th,43,0.3700830429672995,0.00860658239458836,2.702096243000142,2.702096243000142,2.702096243000142,2.702096243000142
AMD EPYC 7402P 24-Core Processor,standart,48,bare,Lnx,5.15.0-94-generic,#104-Ubuntu SMP Tue Jan 9 15:25:40 UTC 2024,4.0.2,1_0_2,48,fb395c65c89f40bc,particle_collision,th,44,0.38210113606702245,0.008684116728795965,2.617108157000075,2.617108157000075,2.617108157000075,2.617108157000075
AMD EPYC 7402P 24-Core Processor,standart,48,bare,Lnx,5.15.0-94-generic,#104-Ubuntu SMP Tue Jan 9 15:25:40 UTC 2024,4.0.2,1_0_2,48,fb395c65c89f40bc,particle_collision,th,45,0.3777531315433333,0.008394514034296295,2.6472315290000097,2.6472315290000097,2.6472315290000097,2.6472315290000097
AMD EPYC 7402P 24-Core Processor,standart,48,bare,Lnx,5.15.0-94-generic,#104-Ubuntu SMP Tue Jan 9 15:25:40 UTC 2024,4.0.2,1_0_2,48,fb395c65c89f40bc,particle_collision,th,46,0.3752915502603636,0.008158511962181817,2.6645950309998625,2.6645950309998625,2.6645950309998625,2.6645950309998625
AMD EPYC 7402P 24-Core Processor,standart,48,bare,Lnx,5.15.0-94-generic,#104-Ubuntu SMP Tue Jan 9 15:25:40 UTC 2024,4.0.2,1_0_2,48,fb395c65c89f40bc,particle_collision,th,47,0.3748241594448572,0.007974982115848026,2.667917675000126,2.667917675000126,2.667917675000126,2.667917675000126
AMD EPYC 7402P 24-Core Processor,standart,48,bare,Lnx,5.15.0-94-generic,#104-Ubuntu SMP Tue Jan 9 15:25:40 UTC 2024,4.0.2,1_0_2,48,fb395c65c89f40bc,particle_collision,th,48,0.37080854906466365,0.007725178105513826,2.696809452000025,2.696809452000025,2.696809452000025,2.696809452000025
AMD EPYC 7402P 24-Core Processor,standart,48,bare,Lnx,5.15.0-94-generic,#104-Ubuntu SMP Tue Jan 9 15:25:40 UTC 2024,4.0.2,1_0_2,48,fb395c65c89f40bc,empty_play,mp,1,0.555140354056729,0.555140354056729,1.8013462589999563,1.8013462589999563,1.8013462589999563,1.8013462589999563
AMD EPYC 7402P 24-Core Processor,standart,48,bare,Lnx,5.15.0-94-generic,#104-Ubuntu SMP Tue Jan 9 15:25:40 UTC 2024,4.0.2,1_0_2,48,fb395c65c89f40bc,empty_play,mp,2,1.1196242887365488,0.5598121443682744,1.7864759604999563,1.7864759604999563,1.7694406180000897,1.8035113029998229
AMD EPYC 7402P 24-Core Processor,standart,48,bare,Lnx,5.15.0-94-generic,#104-Ubuntu SMP Tue Jan 9 15:25:40 UTC 2024,4.0.2,1_0_2,48,fb395c65c89f40bc,empty_play,mp,3,1.673913640641136,0.5579712135470453,1.7923793953333036,1.787022676000106,1.7739983469998606,1.8161171629999444
AMD EPYC 7402P 24-Core Processor,standart,48,bare,Lnx,5.15.0-94-generic,#104-Ubuntu SMP Tue Jan 9 15:25:40 UTC 2024,4.0.2,1_0_2,48,fb395c65c89f40bc,empty_play,mp,4,2.249767594244288,0.562441898561072,1.7780258065000112,1.7814109685000403,1.7604182630000196,1.7888630259999445
AMD EPYC 7402P 24-Core Processor,standart,48,bare,Lnx,5.15.0-94-generic,#104-Ubuntu SMP Tue Jan 9 15:25:40 UTC 2024,4.0.2,1_0_2,48,fb395c65c89f40bc,empty_play,mp,5,2.8028406179220666,0.5605681235844133,1.7839669749999758,1.7767049479998605,1.7734820329999366,1.7998837860000094
AMD EPYC 7402P 24-Core Processor,standart,48,bare,Lnx,5.15.0-94-generic,#104-Ubuntu SMP Tue Jan 9 15:25:40 UTC 2024,4.0.2,1_0_2,48,fb395c65c89f40bc,empty_play,mp,6,3.372219716111951,0.5620366193519918,1.7793503338333114,1.7821679559999666,1.7611961529999007,1.7973103770000307
AMD EPYC 7402P 24-Core Processor,standart,48,bare,Lnx,5.15.0-94-generic,#104-Ubuntu SMP Tue Jan 9 15:25:40 UTC 2024,4.0.2,1_0_2,48,fb395c65c89f40bc,empty_play,mp,7,3.916112730844029,0.5594446758348612,1.7878124285714097,1.7930860369999664,1.7521533710000767,1.8185247409999192
AMD EPYC 7402P 24-Core Processor,standart,48,bare,Lnx,5.15.0-94-generic,#104-Ubuntu SMP Tue Jan 9 15:25:40 UTC 2024,4.0.2,1_0_2,48,fb395c65c89f40bc,empty_play,mp,8,4.504604632240972,0.5630755790301215,1.776111515249994,1.7732597115000317,1.7544946869998057,1.810743058000071
AMD EPYC 7402P 24-Core Processor,standart,48,bare,Lnx,5.15.0-94-generic,#104-Ubuntu SMP Tue Jan 9 15:25:40 UTC 2024,4.0.2,1_0_2,48,fb395c65c89f40bc,empty_play,mp,9,5.053869610001382,0.5615410677779313,1.7808871615555342,1.7825720719999936,1.7566361570000026,1.8005638709998948
AMD EPYC 7402P 24-Core Processor,standart,48,bare,Lnx,5.15.0-94-generic,#104-Ubuntu SMP Tue Jan 9 15:25:40 UTC 2024,4.0.2,1_0_2,48,fb395c65c89f40bc,empty_play,mp,10,5.632469599968937,0.5632469599968937,1.7755527046000226,1.7748343690000183,1.7529131129999769,1.7966139500001646
AMD EPYC 7402P 24-Core Processor,standart,48,bare,Lnx,5.15.0-94-generic,#104-Ubuntu SMP Tue Jan 9 15:25:40 UTC 2024,4.0.2,1_0_2,48,fb395c65c89f40bc,empty_play,mp,11,6.189319820410392,0.5626654382191266,1.7773657082727203,1.7824507230000108,1.750776653999992,1.7978502909998042
AMD EPYC 7402P 24-Core Processor,standart,48,bare,Lnx,5.15.0-94-generic,#104-Ubuntu SMP Tue Jan 9 15:25:40 UTC 2024,4.0.2,1_0_2,48,fb395c65c89f40bc,empty_play,mp,12,6.697218387841755,0.5581015323201463,1.7919523155000168,1.7903032499999654,1.7740356649999285,1.8255634859999645
AMD EPYC 7402P 24-Core Processor,standart,48,bare,Lnx,5.15.0-94-generic,#104-Ubuntu SMP Tue Jan 9 15:25:40 UTC 2024,4.0.2,1_0_2,48,fb395c65c89f40bc,empty_play,mp,13,7.286880638465806,0.5605292798819851,1.7841238436153442,1.7820899599998938,1.759162624000055,1.8031175589999293
AMD EPYC 7402P 24-Core Processor,standart,48,bare,Lnx,5.15.0-94-generic,#104-Ubuntu SMP Tue Jan 9 15:25:40 UTC 2024,4.0.2,1_0_2,48,fb395c65c89f40bc,empty_play,mp,14,7.856050620096173,0.5611464728640124,1.7822516819285608,1.7833977370000866,1.752469248999887,1.817565496000043
AMD EPYC 7402P 24-Core Processor,standart,48,bare,Lnx,5.15.0-94-generic,#104-Ubuntu SMP Tue Jan 9 15:25:40 UTC 2024,4.0.2,1_0_2,48,fb395c65c89f40bc,empty_play,mp,15,8.395328280878623,0.5596885520585748,1.7869692099999763,1.7870372610000231,1.7457509580001442,1.8252219689998128
AMD EPYC 7402P 24-Core Processor,standart,48,bare,Lnx,5.15.0-94-generic,#104-Ubuntu SMP Tue Jan 9 15:25:40 UTC 2024,4.0.2,1_0_2,48,fb395c65c89f40bc,empty_play,mp,16,8.980733146511932,0.5612958216569958,1.7816834114375126,1.7788827415001833,1.7605184889998782,1.8052518320000672
AMD EPYC 7402P 24-Core Processor,standart,48,bare,Lnx,5.15.0-94-generic,#104-Ubuntu SMP Tue Jan 9 15:25:40 UTC 2024,4.0.2,1_0_2,48,fb395c65c89f40bc,empty_play,mp,17,9.536289365130678,0.5609581979488634,1.7828575084117935,1.7910013130001516,1.7350030800000695,1.8006041050000476
AMD EPYC 7402P 24-Core Processor,standart,48,bare,Lnx,5.15.0-94-generic,#104-Ubuntu SMP Tue Jan 9 15:25:40 UTC 2024,4.0.2,1_0_2,48,fb395c65c89f40bc,empty_play,mp,18,10.114357806957756,0.5619087670532087,1.7797214576666849,1.7779733974999772,1.7510101860000304,1.803702469999962
AMD EPYC 7402P 24-Core Processor,standart,48,bare,Lnx,5.15.0-94-generic,#104-Ubuntu SMP Tue Jan 9 15:25:40 UTC 2024,4.0.2,1_0_2,48,fb395c65c89f40bc,empty_play,mp,19,10.621186376234665,0.5590098092755087,1.7890577321052445,1.7868207809999603,1.7551395729999513,1.8238060169999244
AMD EPYC 7402P 24-Core Processor,standart,48,bare,Lnx,5.15.0-94-generic,#104-Ubuntu SMP Tue Jan 9 15:25:40 UTC 2024,4.0.2,1_0_2,48,fb395c65c89f40bc,empty_play,mp,20,11.202274280829299,0.5601137140414649,1.785618352799986,1.7872590680000258,1.7290939049998997,1.8171338509998805
AMD EPYC 7402P 24-Core Processor,standart,48,bare,Lnx,5.15.0-94-generic,#104-Ubuntu SMP Tue Jan 9 15:25:40 UTC 2024,4.0.2,1_0_2,48,fb395c65c89f40bc,empty_play,mp,21,11.602966830077508,0.5525222300036908,1.8106688433809464,1.802447132999987,1.7565318580000167,1.9162137299999813
AMD EPYC 7402P 24-Core Processor,standart,48,bare,Lnx,5.15.0-94-generic,#104-Ubuntu SMP Tue Jan 9 15:25:40 UTC 2024,4.0.2,1_0_2,48,fb395c65c89f40bc,empty_play,mp,22,12.139730033564861,0.5518059106165846,1.812414861,1.8152609799999482,1.7702409470000475,1.8548019300001215
AMD EPYC 7402P 24-Core Processor,standart,48,bare,Lnx,5.15.0-94-generic,#104-Ubuntu SMP Tue Jan 9 15:25:40 UTC 2024,4.0.2,1_0_2,48,fb395c65c89f40bc,empty_play,mp,23,12.795119473843641,0.5563095423410279,1.797661469434813,1.7984511299998758,1.7705934089999573,1.8185460189999958
AMD EPYC 7402P 24-Core Processor,standart,48,bare,Lnx,5.15.0-94-generic,#104-Ubuntu SMP Tue Jan 9 15:25:40 UTC 2024,4.0.2,1_0_2,48,fb395c65c89f40bc,empty_play,mp,24,13.285057930592128,0.5535440804413386,1.8066162122499823,1.8050602485000127,1.7864680299999236,1.8329999679999673
AMD EPYC 7402P 24-Core Processor,standart,48,bare,Lnx,5.15.0-94-generic,#104-Ubuntu SMP Tue Jan 9 15:25:40 UTC 2024,4.0.2,1_0_2,48,fb395c65c89f40bc,empty_play,mp,25,13.413052323594648,0.5365220929437859,1.8779769898400083,1.8231881570000041,1.7879693529998804,2.508788649000053
AMD EPYC 7402P 24-Core Processor,standart,48,bare,Lnx,5.15.0-94-generic,#104-Ubuntu SMP Tue Jan 9 15:25:40 UTC 2024,4.0.2,1_0_2,48,fb395c65c89f40bc,empty_play,mp,26,13.620057044134985,0.5238483478513456,1.9356930869230382,1.8282904004998954,1.80068753799992,2.5568575500001316
AMD EPYC 7402P 24-Core Processor,standart,48,bare,Lnx,5.15.0-94-generic,#104-Ubuntu SMP Tue Jan 9 15:25:40 UTC 2024,4.0.2,1_0_2,48,fb395c65c89f40bc,empty_play,mp,27,13.804427633672214,0.5112750975434154,1.9941338862962918,1.8351348930000313,1.809910440999829,2.6338804539998364
AMD EPYC 7402P 24-Core Processor,standart,48,bare,Lnx,5.15.0-94-generic,#104-Ubuntu SMP Tue Jan 9 15:25:40 UTC 2024,4.0.2,1_0_2,48,fb395c65c89f40bc,empty_play,mp,28,13.953866868232218,0.4983523881511506,2.0513057686428704,1.8541685335001148,1.8157320139998774,2.5901919570001155
AMD EPYC 7402P 24-Core Processor,standart,48,bare,Lnx,5.15.0-94-generic,#104-Ubuntu SMP Tue Jan 9 15:25:40 UTC 2024,4.0.2,1_0_2,48,fb395c65c89f40bc,empty_play,mp,29,14.112530385887977,0.48663897882372337,2.1061634010344856,1.8616378480001003,1.8360636519998934,2.6105763040000056
AMD EPYC 7402P 24-Core Processor,standart,48,bare,Lnx,5.15.0-94-generic,#104-Ubuntu SMP Tue Jan 9 15:25:40 UTC 2024,4.0.2,1_0_2,48,fb395c65c89f40bc,empty_play,mp,30,14.302110220489627,0.47673700734965424,2.149152596566667,1.8809914864999655,1.8153511519999483,2.631914353999946
AMD EPYC 7402P 24-Core Processor,standart,48,bare,Lnx,5.15.0-94-generic,#104-Ubuntu SMP Tue Jan 9 15:25:40 UTC 2024,4.0.2,1_0_2,48,fb395c65c89f40bc,empty_play,mp,31,14.583283097936402,0.4704284870302065,2.1831011418387187,1.8731763959999626,1.825131177000003,2.6433453740000914
AMD EPYC 7402P 24-Core Processor,standart,48,bare,Lnx,5.15.0-94-generic,#104-Ubuntu SMP Tue Jan 9 15:25:40 UTC 2024,4.0.2,1_0_2,48,fb395c65c89f40bc,empty_play,mp,32,14.771328446773033,0.4616040139616573,2.222069051531264,2.209308447499893,1.8381879249998292,2.6379022990001886
AMD EPYC 7402P 24-Core Processor,standart,48,bare,Lnx,5.15.0-94-generic,#104-Ubuntu SMP Tue Jan 9 15:25:40 UTC 2024,4.0.2,1_0_2,48,fb395c65c89f40bc,empty_play,mp,33,14.975471821390983,0.45380217640578735,2.2639250472121315,2.5525362880000557,1.8430902510001488,2.6574857109999357
AMD EPYC 7402P 24-Core Processor,standart,48,bare,Lnx,5.15.0-94-generic,#104-Ubuntu SMP Tue Jan 9 15:25:40 UTC 2024,4.0.2,1_0_2,48,fb395c65c89f40bc,empty_play,mp,34,14.987742760626636,0.44081596354784225,2.325911010058803,2.585508248499991,1.8484424060000038,2.7149043419999543
AMD EPYC 7402P 24-Core Processor,standart,48,bare,Lnx,5.15.0-94-generic,#104-Ubuntu SMP Tue Jan 9 15:25:40 UTC 2024,4.0.2,1_0_2,48,fb395c65c89f40bc,empty_play,mp,35,15.271507551486623,0.4363287871853321,2.3447941758857334,2.5709152980000454,1.8480263369999648,2.6911960899999485
AMD EPYC 7402P 24-Core Processor,standart,48,bare,Lnx,5.15.0-94-generic,#104-Ubuntu SMP Tue Jan 9 15:25:40 UTC 2024,4.0.2,1_0_2,48,fb395c65c89f40bc,empty_play,mp,36,15.314575984782637,0.42540488846618435,2.4123288468610817,2.6041206605000298,1.8585421430000224,2.8706628989998535
AMD EPYC 7402P 24-Core Processor,standart,48,bare,Lnx,5.15.0-94-generic,#104-Ubuntu SMP Tue Jan 9 15:25:40 UTC 2024,4.0.2,1_0_2,48,fb395c65c89f40bc,empty_play,mp,37,15.464064149735535,0.417947679722582,2.454792333540532,2.6247711879998405,1.8631107539999903,2.9768467520000286
AMD EPYC 7402P 24-Core Processor,standart,48,bare,Lnx,5.15.0-94-generic,#104-Ubuntu SMP Tue Jan 9 15:25:40 UTC 2024,4.0.2,1_0_2,48,fb395c65c89f40bc,empty_play,mp,38,15.610960364918306,0.4108147464452186,2.489543889026322,2.6020838250000224,1.8635856710000098,2.89486443099986
AMD EPYC 7402P 24-Core Processor,standart,48,bare,Lnx,5.15.0-94-generic,#104-Ubuntu SMP Tue Jan 9 15:25:40 UTC 2024,4.0.2,1_0_2,48,fb395c65c89f40bc,empty_play,mp,39,15.635847868655933,0.4009191761193829,2.5559459657435686,2.6542105399998945,1.878589778000105,2.9304775319999408
AMD EPYC 7402P 24-Core Processor,standart,48,bare,Lnx,5.15.0-94-generic,#104-Ubuntu SMP Tue Jan 9 15:25:40 UTC 2024,4.0.2,1_0_2,48,fb395c65c89f40bc,empty_play,mp,40,15.647224181397647,0.3911806045349412,2.6158776283750287,2.6866021939999882,1.8850026170000547,2.9741572440000255
AMD EPYC 7402P 24-Core Processor,standart,48,bare,Lnx,5.15.0-94-generic,#104-Ubuntu SMP Tue Jan 9 15:25:40 UTC 2024,4.0.2,1_0_2,48,fb395c65c89f40bc,empty_play,mp,41,15.659107021832703,0.3819294395568952,2.6770293881463547,2.761171306000051,1.8815488610000557,3.0494104130000323
AMD EPYC 7402P 24-Core Processor,standart,48,bare,Lnx,5.15.0-94-generic,#104-Ubuntu SMP Tue Jan 9 15:25:40 UTC 2024,4.0.2,1_0_2,48,fb395c65c89f40bc,empty_play,mp,42,15.679389953298198,0.3733188084118619,2.736270744214283,2.924500410500059,1.8970272720000594,3.0815456929999527
AMD EPYC 7402P 24-Core Processor,standart,48,bare,Lnx,5.15.0-94-generic,#104-Ubuntu SMP Tue Jan 9 15:25:40 UTC 2024,4.0.2,1_0_2,48,fb395c65c89f40bc,empty_play,mp,43,15.774386877881618,0.3668462064623632,2.781237165418604,2.938184713999817,1.8996196229998077,3.071659368999917
AMD EPYC 7402P 24-Core Processor,standart,48,bare,Lnx,5.15.0-94-generic,#104-Ubuntu SMP Tue Jan 9 15:25:40 UTC 2024,4.0.2,1_0_2,48,fb395c65c89f40bc,empty_play,mp,44,15.611740912050914,0.3548122934557026,2.8622449432045247,2.9975648895000404,1.9221623559999443,3.1664263269999537
AMD EPYC 7402P 24-Core Processor,standart,48,bare,Lnx,5.15.0-94-generic,#104-Ubuntu SMP Tue Jan 9 15:25:40 UTC 2024,4.0.2,1_0_2,48,fb395c65c89f40bc,empty_play,mp,45,15.332671579554335,0.3407260351012074,2.9592703431111205,3.041324019000058,1.956688903999975,3.1934619910000492
AMD EPYC 7402P 24-Core Processor,standart,48,bare,Lnx,5.15.0-94-generic,#104-Ubuntu SMP Tue Jan 9 15:25:40 UTC 2024,4.0.2,1_0_2,48,fb395c65c89f40bc,empty_play,mp,46,15.509200278907953,0.3371565278023468,2.9907875741304273,3.0615457510000397,1.918156941999996,3.1918921420001425
AMD EPYC 7402P 24-Core Processor,standart,48,bare,Lnx,5.15.0-94-generic,#104-Ubuntu SMP Tue Jan 9 15:25:40 UTC 2024,4.0.2,1_0_2,48,fb395c65c89f40bc,empty_play,mp,47,15.295997212149809,0.32544674919467675,3.0799073114042614,3.0920159949998833,2.350795263000009,3.226644652999994
AMD EPYC 7402P 24-Core Processor,standart,48,bare,Lnx,5.15.0-94-generic,#104-Ubuntu SMP Tue Jan 9 15:25:40 UTC 2024,4.0.2,1_0_2,48,fb395c65c89f40bc,empty_play,mp,48,15.407600285709949,0.3209916726189573,3.1157118683333493,3.114191064500119,3.047032339999987,3.2140972189999957
AMD EPYC 7402P 24-Core Processor,standart,48,bare,Lnx,5.15.0-94-generic,#104-Ubuntu SMP Tue Jan 9 15:25:40 UTC 2024,4.0.2,1_0_2,48,fb395c65c89f40bc,empty_play,th,1,0.5556885287332859,0.5556885287332859,1.79956927000012,1.79956927000012,1.79956927000012,1.79956927000012
AMD EPYC 7402P 24-Core Processor,standart,48,bare,Lnx,5.15.0-94-generic,#104-Ubuntu SMP Tue Jan 9 15:25:40 UTC 2024,4.0.2,1_0_2,48,fb395c65c89f40bc,empty_play,th,2,0.566124421354547,0.2830622106772735,1.7663961529999597,1.7663961529999597,1.7663961529999597,1.7663961529999597
AMD EPYC 7402P 24-Core Processor,standart,48,bare,Lnx,5.15.0-94-generic,#104-Ubuntu SMP Tue Jan 9 15:25:40 UTC 2024,4.0.2,1_0_2,48,fb395c65c89f40bc,empty_play,th,3,0.5634684087841368,0.18782280292804562,1.7747223880001002,1.7747223880001002,1.7747223880001002,1.7747223880001002
AMD EPYC 7402P 24-Core Processor,standart,48,bare,Lnx,5.15.0-94-generic,#104-Ubuntu SMP Tue Jan 9 15:25:40 UTC 2024,4.0.2,1_0_2,48,fb395c65c89f40bc,empty_play,th,4,0.5679255046890958,0.14198137617227394,1.7607943149998846,1.7607943149998846,1.7607943149998846,1.7607943149998846
AMD EPYC 7402P 24-Core Processor,standart,48,bare,Lnx,5.15.0-94-generic,#104-Ubuntu SMP Tue Jan 9 15:25:40 UTC 2024,4.0.2,1_0_2,48,fb395c65c89f40bc,empty_play,th,5,0.5662983911382942,0.11325967822765884,1.7658535069999743,1.7658535069999743,1.7658535069999743,1.7658535069999743
AMD EPYC 7402P 24-Core Processor,standart,48,bare,Lnx,5.15.0-94-generic,#104-Ubuntu SMP Tue Jan 9 15:25:40 UTC 2024,4.0.2,1_0_2,48,fb395c65c89f40bc,empty_play,th,6,0.5686121920269213,0.09476869867115355,1.7586678830000437,1.7586678830000437,1.7586678830000437,1.7586678830000437
AMD EPYC 7402P 24-Core Processor,standart,48,bare,Lnx,5.15.0-94-generic,#104-Ubuntu SMP Tue Jan 9 15:25:40 UTC 2024,4.0.2,1_0_2,48,fb395c65c89f40bc,empty_play,th,7,0.5689459633631347,0.08127799476616211,1.757636163000143,1.757636163000143,1.757636163000143,1.757636163000143
AMD EPYC 7402P 24-Core Processor,standart,48,bare,Lnx,5.15.0-94-generic,#104-Ubuntu SMP Tue Jan 9 15:25:40 UTC 2024,4.0.2,1_0_2,48,fb395c65c89f40bc,empty_play,th,8,0.5674788167180195,0.07093485208975243,1.7621803150000233,1.7621803150000233,1.7621803150000233,1.7621803150000233
AMD EPYC 7402P 24-Core Processor,standart,48,bare,Lnx,5.15.0-94-generic,#104-Ubuntu SMP Tue Jan 9 15:25:40 UTC 2024,4.0.2,1_0_2,48,fb395c65c89f40bc,empty_play,th,9,0.563784794580452,0.06264275495338356,1.773726445999955,1.773726445999955,1.773726445999955,1.773726445999955
AMD EPYC 7402P 24-Core Processor,standart,48,bare,Lnx,5.15.0-94-generic,#104-Ubuntu SMP Tue Jan 9 15:25:40 UTC 2024,4.0.2,1_0_2,48,fb395c65c89f40bc,empty_play,th,10,0.565430578201112,0.056543057820111195,1.7685637080001015,1.7685637080001015,1.7685637080001015,1.7685637080001015
AMD EPYC 7402P 24-Core Processor,standart,48,bare,Lnx,5.15.0-94-generic,#104-Ubuntu SMP Tue Jan 9 15:25:40 UTC 2024,4.0.2,1_0_2,48,fb395c65c89f40bc,empty_play,th,11,0.5629869640897854,0.0511806330990714,1.7762400619999426,1.7762400619999426,1.7762400619999426,1.7762400619999426
AMD EPYC 7402P 24-Core Processor,standart,48,bare,Lnx,5.15.0-94-generic,#104-Ubuntu SMP Tue Jan 9 15:25:40 UTC 2024,4.0.2,1_0_2,48,fb395c65c89f40bc,empty_play,th,12,0.557311368427569,0.04644261403563075,1.7943290890000299,1.7943290890000299,1.7943290890000299,1.7943290890000299
AMD EPYC 7402P 24-Core Processor,standart,48,bare,Lnx,5.15.0-94-generic,#104-Ubuntu SMP Tue Jan 9 15:25:40 UTC 2024,4.0.2,1_0_2,48,fb395c65c89f40bc,empty_play,th,13,0.5615961965650682,0.04319970742808217,1.7806388399999378,1.7806388399999378,1.7806388399999378,1.7806388399999378
AMD EPYC 7402P 24-Core Processor,standart,48,bare,Lnx,5.15.0-94-generic,#104-Ubuntu SMP Tue Jan 9 15:25:40 UTC 2024,4.0.2,1_0_2,48,fb395c65c89f40bc,empty_play,th,14,0.5626771675925467,0.04019122625661048,1.7772180169999956,1.7772180169999956,1.7772180169999956,1.7772180169999956
AMD EPYC 7402P 24-Core Processor,standart,48,bare,Lnx,5.15.0-94-generic,#104-Ubuntu SMP Tue Jan 9 15:25:40 UTC 2024,4.0.2,1_0_2,48,fb395c65c89f40bc,empty_play,th,15,0.5552883467926535,0.03701922311951023,1.8008661730000313,1.8008661730000313,1.8008661730000313,1.8008661730000313
AMD EPYC 7402P 24-Core Processor,standart,48,bare,Lnx,5.15.0-94-generic,#104-Ubuntu SMP Tue Jan 9 15:25:40 UTC 2024,4.0.2,1_0_2,48,fb395c65c89f40bc,empty_play,th,16,0.5597280291805488,0.0349830018237843,1.7865819609999107,1.7865819609999107,1.7865819609999107,1.7865819609999107
AMD EPYC 7402P 24-Core Processor,standart,48,bare,Lnx,5.15.0-94-generic,#104-Ubuntu SMP Tue Jan 9 15:25:40 UTC 2024,4.0.2,1_0_2,48,fb395c65c89f40bc,empty_play,th,17,0.5654020664671768,0.03325894508630452,1.768652892000091,1.768652892000091,1.768652892000091,1.768652892000091
AMD EPYC 7402P 24-Core Processor,standart,48,bare,Lnx,5.15.0-94-generic,#104-Ubuntu SMP Tue Jan 9 15:25:40 UTC 2024,4.0.2,1_0_2,48,fb395c65c89f40bc,empty_play,th,18,0.5653078077411451,0.031405989318952506,1.768947795000031,1.768947795000031,1.768947795000031,1.768947795000031
AMD EPYC 7402P 24-Core Processor,standart,48,bare,Lnx,5.15.0-94-generic,#104-Ubuntu SMP Tue Jan 9 15:25:40 UTC 2024,4.0.2,1_0_2,48,fb395c65c89f40bc,empty_play,th,19,0.5615907116660583,0.029557405877160964,1.7806562310001937,1.7806562310001937,1.7806562310001937,1.7806562310001937
AMD EPYC 7402P 24-Core Processor,standart,48,bare,Lnx,5.15.0-94-generic,#104-Ubuntu SMP Tue Jan 9 15:25:40 UTC 2024,4.0.2,1_0_2,48,fb395c65c89f40bc,empty_play,th,20,0.5651169842424515,0.028255849212122576,1.769545117000007,1.769545117000007,1.769545117000007,1.769545117000007
AMD EPYC 7402P 24-Core Processor,standart,48,bare,Lnx,5.15.0-94-generic,#104-Ubuntu SMP Tue Jan 9 15:25:40 UTC 2024,4.0.2,1_0_2,48,fb395c65c89f40bc,empty_play,th,21,0.563203309566482,0.026819205217451524,1.775557747999983,1.775557747999983,1.775557747999983,1.775557747999983
AMD EPYC 7402P 24-Core Processor,standart,48,bare,Lnx,5.15.0-94-generic,#104-Ubuntu SMP Tue Jan 9 15:25:40 UTC 2024,4.0.2,1_0_2,48,fb395c65c89f40bc,empty_play,th,22,0.5605368820911579,0.025478949185961722,1.7840039289999368,1.7840039289999368,1.7840039289999368,1.7840039289999368
AMD EPYC 7402P 24-Core Processor,standart,48,bare,Lnx,5.15.0-94-generic,#104-Ubuntu SMP Tue Jan 9 15:25:40 UTC 2024,4.0.2,1_0_2,48,fb395c65c89f40bc,empty_play,th,23,0.5590302049995821,0.02430566108693835,1.7888121089999913,1.7888121089999913,1.7888121089999913,1.7888121089999913
AMD EPYC 7402P 24-Core Processor,standart,48,bare,Lnx,5.15.0-94-generic,#104-Ubuntu SMP Tue Jan 9 15:25:40 UTC 2024,4.0.2,1_0_2,48,fb395c65c89f40bc,empty_play,th,24,0.5684795926373878,0.023686649693224492,1.759078097000156,1.759078097000156,1.759078097000156,1.759078097000156
AMD EPYC 7402P 24-Core Processor,standart,48,bare,Lnx,5.15.0-94-generic,#104-Ubuntu SMP Tue Jan 9 15:25:40 UTC 2024,4.0.2,1_0_2,48,fb395c65c89f40bc,empty_play,th,25,0.567700178125138,0.02270800712500552,1.7614931939999678,1.7614931939999678,1.7614931939999678,1.7614931939999678
AMD EPYC 7402P 24-Core Processor,standart,48,bare,Lnx,5.15.0-94-generic,#104-Ubuntu SMP Tue Jan 9 15:25:40 UTC 2024,4.0.2,1_0_2,48,fb395c65c89f40bc,empty_play,th,26,0.5662071559269514,0.021777198304882745,1.7661380459999236,1.7661380459999236,1.7661380459999236,1.7661380459999236
AMD EPYC 7402P 24-Core Processor,standart,48,bare,Lnx,5.15.0-94-generic,#104-Ubuntu SMP Tue Jan 9 15:25:40 UTC 2024,4.0.2,1_0_2,48,fb395c65c89f40bc,empty_play,th,27,0.5609495504479,0.020775909275848145,1.7826915080001982,1.7826915080001982,1.7826915080001982,1.7826915080001982
AMD EPYC 7402P 24-Core Processor,standart,48,bare,Lnx,5.15.0-94-generic,#104-Ubuntu SMP Tue Jan 9 15:25:40 UTC 2024,4.0.2,1_0_2,48,fb395c65c89f40bc,empty_play,th,28,0.5605911263905244,0.020021111656804445,1.783831303999932,1.783831303999932,1.783831303999932,1.783831303999932
AMD EPYC 7402P 24-Core Processor,standart,48,bare,Lnx,5.15.0-94-generic,#104-Ubuntu SMP Tue Jan 9 15:25:40 UTC 2024,4.0.2,1_0_2,48,fb395c65c89f40bc,empty_play,th,29,0.5598170392964603,0.019304035837808976,1.7862978969999403,1.7862978969999403,1.7862978969999403,1.7862978969999403
AMD EPYC 7402P 24-Core Processor,standart,48,bare,Lnx,5.15.0-94-generic,#104-Ubuntu SMP Tue Jan 9 15:25:40 UTC 2024,4.0.2,1_0_2,48,fb395c65c89f40bc,empty_play,th,30,0.5609967197752895,0.018699890659176318,1.7825416170001063,1.7825416170001063,1.7825416170001063,1.7825416170001063
AMD EPYC 7402P 24-Core Processor,standart,48,bare,Lnx,5.15.0-94-generic,#104-Ubuntu SMP Tue Jan 9 15:25:40 UTC 2024,4.0.2,1_0_2,48,fb395c65c89f40bc,empty_play,th,31,0.5566189330437586,0.017955449453024474,1.7965612390000842,1.7965612390000842,1.7965612390000842,1.7965612390000842
AMD EPYC 7402P 24-Core Processor,standart,48,bare,Lnx,5.15.0-94-generic,#104-Ubuntu SMP Tue Jan 9 15:25:40 UTC 2024,4.0.2,1_0_2,48,fb395c65c89f40bc,empty_play,th,32,0.5609433261405086,0.017529478941890893,1.78271128900019,1.78271128900019,1.78271128900019,1.78271128900019
AMD EPYC 7402P 24-Core Processor,standart,48,bare,Lnx,5.15.0-94-generic,#104-Ubuntu SMP Tue Jan 9 15:25:40 UTC 2024,4.0.2,1_0_2,48,fb395c65c89f40bc,empty_play,th,33,0.5675643407495748,0.017198919416653784,1.7619147789998806,1.7619147789998806,1.7619147789998806,1.7619147789998806
AMD EPYC 7402P 24-Core Processor,standart,48,bare,Lnx,5.15.0-94-generic,#104-Ubuntu SMP Tue Jan 9 15:25:40 UTC 2024,4.0.2,1_0_2,48,fb395c65c89f40bc,empty_play,th,34,0.5577822364980818,0.016405359897002404,1.7928143540000292,1.7928143540000292,1.7928143540000292,1.7928143540000292
AMD EPYC 7402P 24-Core Processor,standart,48,bare,Lnx,5.15.0-94-generic,#104-Ubuntu SMP Tue Jan 9 15:25:40 UTC 2024,4.0.2,1_0_2,48,fb395c65c89f40bc,empty_play,th,35,0.5582212237832743,0.015949177822379267,1.791404478000004,1.791404478000004,1.791404478000004,1.791404478000004
AMD EPYC 7402P 24-Core Processor,standart,48,bare,Lnx,5.15.0-94-generic,#104-Ubuntu SMP Tue Jan 9 15:25:40 UTC 2024,4.0.2,1_0_2,48,fb395c65c89f40bc,empty_play,th,36,0.5600430476416377,0.015556751323378824,1.7855770270000448,1.7855770270000448,1.7855770270000448,1.7855770270000448
AMD EPYC 7402P 24-Core Processor,standart,48,bare,Lnx,5.15.0-94-generic,#104-Ubuntu SMP Tue Jan 9 15:25:40 UTC 2024,4.0.2,1_0_2,48,fb395c65c89f40bc,empty_play,th,37,0.5638961294216983,0.015240435930316171,1.7733762440000191,1.7733762440000191,1.7733762440000191,1.7733762440000191
AMD EPYC 7402P 24-Core Processor,standart,48,bare,Lnx,5.15.0-94-generic,#104-Ubuntu SMP Tue Jan 9 15:25:40 UTC 2024,4.0.2,1_0_2,48,fb395c65c89f40bc,empty_play,th,38,0.5668237435965445,0.014916414305172224,1.7642168510001284,1.7642168510001284,1.7642168510001284,1.7642168510001284
AMD EPYC 7402P 24-Core Processor,standart,48,bare,Lnx,5.15.0-94-generic,#104-Ubuntu SMP Tue Jan 9 15:25:40 UTC 2024,4.0.2,1_0_2,48,fb395c65c89f40bc,empty_play,th,39,0.5595714675462682,0.01434798634734021,1.7870818259998487,1.7870818259998487,1.7870818259998487,1.7870818259998487
AMD EPYC 7402P 24-Core Processor,standart,48,bare,Lnx,5.15.0-94-generic,#104-Ubuntu SMP Tue Jan 9 15:25:40 UTC 2024,4.0.2,1_0_2,48,fb395c65c89f40bc,empty_play,th,40,0.5643516144380406,0.014108790360951015,1.7719449619999068,1.7719449619999068,1.7719449619999068,1.7719449619999068
AMD EPYC 7402P 24-Core Processor,standart,48,bare,Lnx,5.15.0-94-generic,#104-Ubuntu SMP Tue Jan 9 15:25:40 UTC 2024,4.0.2,1_0_2,48,fb395c65c89f40bc,empty_play,th,41,0.5665058364150333,0.013817215522317884,1.7652068800000507,1.7652068800000507,1.7652068800000507,1.7652068800000507
AMD EPYC 7402P 24-Core Processor,standart,48,bare,Lnx,5.15.0-94-generic,#104-Ubuntu SMP Tue Jan 9 15:25:40 UTC 2024,4.0.2,1_0_2,48,fb395c65c89f40bc,empty_play,th,42,0.5663875211797184,0.013485417170945676,1.7655756220001422,1.7655756220001422,1.7655756220001422,1.7655756220001422
AMD EPYC 7402P 24-Core Processor,standart,48,bare,Lnx,5.15.0-94-generic,#104-Ubuntu SMP Tue Jan 9 15:25:40 UTC 2024,4.0.2,1_0_2,48,fb395c65c89f40bc,empty_play,th,43,0.5643256301299213,0.013123851863486542,1.7720265509999535,1.7720265509999535,1.7720265509999535,1.7720265509999535
AMD EPYC 7402P 24-Core Processor,standart,48,bare,Lnx,5.15.0-94-generic,#104-Ubuntu SMP Tue Jan 9 15:25:40 UTC 2024,4.0.2,1_0_2,48,fb395c65c89f40bc,empty_play,th,44,0.559952082794872,0.012726183699883454,1.7858670959999472,1.7858670959999472,1.7858670959999472,1.7858670959999472
AMD EPYC 7402P 24-Core Processor,standart,48,bare,Lnx,5.15.0-94-generic,#104-Ubuntu SMP Tue Jan 9 15:25:40 UTC 2024,4.0.2,1_0_2,48,fb395c65c89f40bc,empty_play,th,45,0.5606633032164474,0.012459184515921054,1.7836016630001268,1.7836016630001268,1.7836016630001268,1.7836016630001268
AMD EPYC 7402P 24-Core Processor,standart,48,bare,Lnx,5.15.0-94-generic,#104-Ubuntu SMP Tue Jan 9 15:25:40 UTC 2024,4.0.2,1_0_2,48,fb395c65c89f40bc,empty_play,th,46,0.5627749793116916,0.012234238680688948,1.7769091319999006,1.7769091319999006,1.7769091319999006,1.7769091319999006
AMD EPYC 7402P 24-Core Processor,standart,48,bare,Lnx,5.15.0-94-generic,#104-Ubuntu SMP Tue Jan 9 15:25:40 UTC 2024,4.0.2,1_0_2,48,fb395c65c89f40bc,empty_play,th,47,0.5630455154452321,0.01197969181798366,1.7760553499999787,1.7760553499999787,1.7760553499999787,1.7760553499999787
AMD EPYC 7402P 24-Core Processor,standart,48,bare,Lnx,5.15.0-94-generic,#104-Ubuntu SMP Tue Jan 9 15:25:40 UTC 2024,4.0.2,1_0_2,48,fb395c65c89f40bc,empty_play,th,48,0.567655483179834,0.011826155899579876,1.7616318870000214,1.7616318870000214,1.7616318870000214,1.7616318870000214
